"System","Order","YFP","CFP"
" Dual-promotor","CFP first",88.841,113.92
" Dual-promotor","CFP first",95.053,118.53
" Dual-promotor","CFP first",99.563,208.09
" Dual-promotor","CFP first",105.63,275.01
" Dual-promotor","CFP first",124.37,162.51
" Dual-promotor","CFP first",142.13,225.24
" Dual-promotor","CFP first",152.45,256.21
" Dual-promotor","CFP first",170.04,252.75
" Dual-promotor","CFP first",170.71,172.9
" Dual-promotor","CFP first",174.02,280.67
" Dual-promotor","CFP first",180.83,267.04
" Dual-promotor","CFP first",192.8,207.5
" Dual-promotor","CFP first",203.77,90.129
" Dual-promotor","CFP first",205.14,307.22
" Dual-promotor","CFP first",207.67,312.33
" Dual-promotor","CFP first",217.65,184.12
" Dual-promotor","CFP first",222.14,141.1
" Dual-promotor","CFP first",224.96,355.62
" Dual-promotor","CFP first",231.85,437.84
" Dual-promotor","CFP first",233.3,345.81
" Dual-promotor","CFP first",235.3,380.69
" Dual-promotor","CFP first",237.01,186.71
" Dual-promotor","CFP first",239.68,256.49
" Dual-promotor","CFP first",245.47,308.07
" Dual-promotor","CFP first",245.49,361.81
" Dual-promotor","CFP first",251.59,526.08
" Dual-promotor","CFP first",257.68,396.99
" Dual-promotor","CFP first",259.74,262.14
" Dual-promotor","CFP first",270.22,364.58
" Dual-promotor","CFP first",275.38,231.36
" Dual-promotor","CFP first",277.15,619.86
" Dual-promotor","CFP first",280.16,377.41
" Dual-promotor","CFP first",284.81,187.83
" Dual-promotor","CFP first",285.48,289.56
" Dual-promotor","CFP first",296.93,739.39
" Dual-promotor","CFP first",301.68,762.13
" Dual-promotor","CFP first",304.52,449.1
" Dual-promotor","CFP first",306.7,694.78
" Dual-promotor","CFP first",312.86,340.09
" Dual-promotor","CFP first",316.27,214.94
" Dual-promotor","CFP first",316.54,333.09
" Dual-promotor","CFP first",318.24,113.48
" Dual-promotor","CFP first",322.99,688.6
" Dual-promotor","CFP first",329.55,457.08
" Dual-promotor","CFP first",329.86,507.8
" Dual-promotor","CFP first",332.71,278.93
" Dual-promotor","CFP first",333.38,733.28
" Dual-promotor","CFP first",336.35,391.53
" Dual-promotor","CFP first",338.24,412.83
" Dual-promotor","CFP first",343.19,570.79
" Dual-promotor","CFP first",347.98,714.9
" Dual-promotor","CFP first",348.74,535.66
" Dual-promotor","CFP first",352.55,423.95
" Dual-promotor","CFP first",352.6,597.15
" Dual-promotor","CFP first",359.19,435.01
" Dual-promotor","CFP first",360.88,590.95
" Dual-promotor","CFP first",361,563.33
" Dual-promotor","CFP first",361.17,914.7
" Dual-promotor","CFP first",364.08,460.34
" Dual-promotor","CFP first",369.98,704.61
" Dual-promotor","CFP first",370.42,769.7
" Dual-promotor","CFP first",370.51,509.5
" Dual-promotor","CFP first",372.03,456.66
" Dual-promotor","CFP first",374.77,160.01
" Dual-promotor","CFP first",376.46,765.47
" Dual-promotor","CFP first",378.21,306.46
" Dual-promotor","CFP first",382.25,679.47
" Dual-promotor","CFP first",385.85,567.4
" Dual-promotor","CFP first",389.45,671.49
" Dual-promotor","CFP first",391,372.2
" Dual-promotor","CFP first",391.51,772.06
" Dual-promotor","CFP first",391.93,314.97
" Dual-promotor","CFP first",392.44,806.39
" Dual-promotor","CFP first",392.62,204.29
" Dual-promotor","CFP first",392.89,529.39
" Dual-promotor","CFP first",394.22,565.63
" Dual-promotor","CFP first",396.57,310.25
" Dual-promotor","CFP first",402.1,890.66
" Dual-promotor","CFP first",402.16,619.68
" Dual-promotor","CFP first",406.17,197.38
" Dual-promotor","CFP first",406.78,637.04
" Dual-promotor","CFP first",409.09,888.94
" Dual-promotor","CFP first",410.3,787.35
" Dual-promotor","CFP first",411.02,591.33
" Dual-promotor","CFP first",412.47,533.11
" Dual-promotor","CFP first",413.79,968.99
" Dual-promotor","CFP first",415.8,534.03
" Dual-promotor","CFP first",416.62,1153
" Dual-promotor","CFP first",419.67,600.72
" Dual-promotor","CFP first",421.58,679.23
" Dual-promotor","CFP first",422.84,891.59
" Dual-promotor","CFP first",425.96,905.85
" Dual-promotor","CFP first",426.38,461.31
" Dual-promotor","CFP first",427.45,435.73
" Dual-promotor","CFP first",428.91,899.55
" Dual-promotor","CFP first",429.24,223.23
" Dual-promotor","CFP first",431.25,668.25
" Dual-promotor","CFP first",432.32,628.18
" Dual-promotor","CFP first",438.37,775.34
" Dual-promotor","CFP first",439.63,625.85
" Dual-promotor","CFP first",440.52,631.05
" Dual-promotor","CFP first",449.18,515.18
" Dual-promotor","CFP first",450.85,850.28
" Dual-promotor","CFP first",451.03,429.01
" Dual-promotor","CFP first",456.59,483.14
" Dual-promotor","CFP first",456.76,330.27
" Dual-promotor","CFP first",460.15,782.64
" Dual-promotor","CFP first",461.32,675.46
" Dual-promotor","CFP first",467.3,657.78
" Dual-promotor","CFP first",467.65,555.6
" Dual-promotor","CFP first",468.81,517.61
" Dual-promotor","CFP first",469.83,752.54
" Dual-promotor","CFP first",471.5,516.81
" Dual-promotor","CFP first",471.97,703.82
" Dual-promotor","CFP first",474.87,818.6
" Dual-promotor","CFP first",477.27,988.21
" Dual-promotor","CFP first",477.76,538.77
" Dual-promotor","CFP first",478.53,907.62
" Dual-promotor","CFP first",479.4,967.18
" Dual-promotor","CFP first",480.43,686.47
" Dual-promotor","CFP first",481.69,749.08
" Dual-promotor","CFP first",482.34,241.72
" Dual-promotor","CFP first",485.26,344.13
" Dual-promotor","CFP first",489.47,499.83
" Dual-promotor","CFP first",492.01,373.56
" Dual-promotor","CFP first",494.76,706.98
" Dual-promotor","CFP first",495.98,812.03
" Dual-promotor","CFP first",496.93,793.73
" Dual-promotor","CFP first",499.73,683.82
" Dual-promotor","CFP first",502.01,769.64
" Dual-promotor","CFP first",503.85,997.95
" Dual-promotor","CFP first",508.08,504.17
" Dual-promotor","CFP first",508.92,876.24
" Dual-promotor","CFP first",510.66,878.6
" Dual-promotor","CFP first",512.25,963.05
" Dual-promotor","CFP first",513.02,951.22
" Dual-promotor","CFP first",520.22,385.18
" Dual-promotor","CFP first",523.58,382.49
" Dual-promotor","CFP first",524.19,935.92
" Dual-promotor","CFP first",526.78,963.84
" Dual-promotor","CFP first",531.36,965.03
" Dual-promotor","CFP first",534.12,463.69
" Dual-promotor","CFP first",535.02,920.72
" Dual-promotor","CFP first",535.39,908.51
" Dual-promotor","CFP first",541.2,788.77
" Dual-promotor","CFP first",541.99,808.33
" Dual-promotor","CFP first",544.5,997.26
" Dual-promotor","CFP first",545.05,715.49
" Dual-promotor","CFP first",546.99,788.35
" Dual-promotor","CFP first",547.15,715.56
" Dual-promotor","CFP first",550.33,1021.5
" Dual-promotor","CFP first",551.71,602.64
" Dual-promotor","CFP first",553.98,553.45
" Dual-promotor","CFP first",556.64,1394.3
" Dual-promotor","CFP first",558.47,1002.4
" Dual-promotor","CFP first",562.95,746.08
" Dual-promotor","CFP first",568.37,653.83
" Dual-promotor","CFP first",570.14,1058.7
" Dual-promotor","CFP first",573.08,658.71
" Dual-promotor","CFP first",574.7,1047.2
" Dual-promotor","CFP first",574.77,1011
" Dual-promotor","CFP first",577.51,529.85
" Dual-promotor","CFP first",577.97,1086.2
" Dual-promotor","CFP first",580.24,448.1
" Dual-promotor","CFP first",580.47,502.31
" Dual-promotor","CFP first",590.53,767.77
" Dual-promotor","CFP first",597.65,953.16
" Dual-promotor","CFP first",599.75,649.52
" Dual-promotor","CFP first",600.39,444.45
" Dual-promotor","CFP first",600.91,1334.7
" Dual-promotor","CFP first",601.07,815
" Dual-promotor","CFP first",606.4,520.59
" Dual-promotor","CFP first",607.51,227.61
" Dual-promotor","CFP first",607.93,906.57
" Dual-promotor","CFP first",617.5,854.06
" Dual-promotor","CFP first",620.02,1021.8
" Dual-promotor","CFP first",620.27,1439.8
" Dual-promotor","CFP first",622.2,442.57
" Dual-promotor","CFP first",623.9,732.17
" Dual-promotor","CFP first",631.75,1450
" Dual-promotor","CFP first",633.35,595.25
" Dual-promotor","CFP first",634.93,989.04
" Dual-promotor","CFP first",635.63,589.59
" Dual-promotor","CFP first",639.93,868.43
" Dual-promotor","CFP first",639.98,1164.9
" Dual-promotor","CFP first",643.73,1050.1
" Dual-promotor","CFP first",643.74,295.18
" Dual-promotor","CFP first",645.49,1429.2
" Dual-promotor","CFP first",649.64,918.31
" Dual-promotor","CFP first",658.23,1453.1
" Dual-promotor","CFP first",660.96,1241.5
" Dual-promotor","CFP first",661.62,496.24
" Dual-promotor","CFP first",666.4,882.61
" Dual-promotor","CFP first",666.64,320.62
" Dual-promotor","CFP first",671.15,1224.4
" Dual-promotor","CFP first",673.4,1175.5
" Dual-promotor","CFP first",673.41,1308
" Dual-promotor","CFP first",676.86,644.95
" Dual-promotor","CFP first",683.71,1332
" Dual-promotor","CFP first",684,1222.6
" Dual-promotor","CFP first",687.44,2133.1
" Dual-promotor","CFP first",690.12,1208.2
" Dual-promotor","CFP first",690.41,725.64
" Dual-promotor","CFP first",693.74,1243.1
" Dual-promotor","CFP first",697.41,1307.5
" Dual-promotor","CFP first",705.52,1178.2
" Dual-promotor","CFP first",708.23,381.39
" Dual-promotor","CFP first",711.41,1356.9
" Dual-promotor","CFP first",714.65,1476.5
" Dual-promotor","CFP first",715.38,1049.5
" Dual-promotor","CFP first",715.89,1001.3
" Dual-promotor","CFP first",719.76,458.5
" Dual-promotor","CFP first",722.5,1364.9
" Dual-promotor","CFP first",722.87,871.94
" Dual-promotor","CFP first",725.64,1339
" Dual-promotor","CFP first",726.57,515.98
" Dual-promotor","CFP first",726.97,796.81
" Dual-promotor","CFP first",728.04,1337.6
" Dual-promotor","CFP first",731.16,483.22
" Dual-promotor","CFP first",731.98,1413.9
" Dual-promotor","CFP first",733.05,531.36
" Dual-promotor","CFP first",733.27,1158.4
" Dual-promotor","CFP first",734.44,577.37
" Dual-promotor","CFP first",734.53,578.86
" Dual-promotor","CFP first",734.94,1491.7
" Dual-promotor","CFP first",739.04,1377.5
" Dual-promotor","CFP first",747.36,1091
" Dual-promotor","CFP first",750.63,2233.1
" Dual-promotor","CFP first",754.55,1245.8
" Dual-promotor","CFP first",756.92,1020.8
" Dual-promotor","CFP first",758.11,602.3
" Dual-promotor","CFP first",760.45,842.77
" Dual-promotor","CFP first",760.65,655.15
" Dual-promotor","CFP first",764.89,910.03
" Dual-promotor","CFP first",766.83,852.05
" Dual-promotor","CFP first",770.6,477.24
" Dual-promotor","CFP first",771.62,917.98
" Dual-promotor","CFP first",774.32,517.39
" Dual-promotor","CFP first",781.86,625.03
" Dual-promotor","CFP first",783.91,626.07
" Dual-promotor","CFP first",793.18,1442.2
" Dual-promotor","CFP first",810.36,1857.6
" Dual-promotor","CFP first",814.65,1474.4
" Dual-promotor","CFP first",814.94,1256.7
" Dual-promotor","CFP first",822.2,1449.8
" Dual-promotor","CFP first",830.26,1213.8
" Dual-promotor","CFP first",835.13,1538.3
" Dual-promotor","CFP first",843.3,822.75
" Dual-promotor","CFP first",843.97,976.07
" Dual-promotor","CFP first",880.95,1579.5
" Dual-promotor","CFP first",889.89,1096.9
" Dual-promotor","CFP first",894.88,638.7
" Dual-promotor","CFP first",895.3,1700.1
" Dual-promotor","CFP first",895.73,643.07
" Dual-promotor","CFP first",905.1,785.27
" Dual-promotor","CFP first",909.9,2031.6
" Dual-promotor","CFP first",914.53,673.84
" Dual-promotor","CFP first",916.15,1270.1
" Dual-promotor","CFP first",916.95,986.22
" Dual-promotor","CFP first",917.54,780.37
" Dual-promotor","CFP first",926.94,1921.2
" Dual-promotor","CFP first",943.16,694.48
" Dual-promotor","CFP first",956.2,918.84
" Dual-promotor","CFP first",958.89,921.95
" Dual-promotor","CFP first",964.65,539.06
" Dual-promotor","CFP first",978.09,1594
" Dual-promotor","CFP first",981.55,1723.2
" Dual-promotor","CFP first",988.12,872.76
" Dual-promotor","CFP first",993.94,1398.2
" Dual-promotor","CFP first",996.71,941.75
" Dual-promotor","CFP first",1012.9,1848.9
" Dual-promotor","CFP first",1016.1,1212
" Dual-promotor","CFP first",1034.8,1222.6
" Dual-promotor","CFP first",1050.5,2035.1
" Dual-promotor","CFP first",1055.3,1191.7
" Dual-promotor","CFP first",1063.2,1899.3
" Dual-promotor","CFP first",1065.7,1403.5
" Dual-promotor","CFP first",1082.9,1153.2
" Dual-promotor","CFP first",1094.1,1291.5
" Dual-promotor","CFP first",1100.8,1803.7
" Dual-promotor","CFP first",1106.3,1545.4
" Dual-promotor","CFP first",1107.1,1367
" Dual-promotor","CFP first",1125.2,399.32
" Dual-promotor","CFP first",1128.2,2118.3
" Dual-promotor","CFP first",1134.2,1002.4
" Dual-promotor","CFP first",1135.6,1231.3
" Dual-promotor","CFP first",1136.5,955.63
" Dual-promotor","CFP first",1149.3,1530.8
" Dual-promotor","CFP first",1162.4,1566.2
" Dual-promotor","CFP first",1168,1470
" Dual-promotor","CFP first",1175.4,1225.5
" Dual-promotor","CFP first",1188.6,857.41
" Dual-promotor","CFP first",1202.2,1323.2
" Dual-promotor","CFP first",1209.7,537.04
" Dual-promotor","CFP first",1227.9,925.16
" Dual-promotor","CFP first",1239.9,1371.5
" Dual-promotor","CFP first",1286.5,1087.3
" Dual-promotor","CFP first",1293.4,1429.4
" Dual-promotor","CFP first",1297.7,1558.1
" Dual-promotor","CFP first",1305.2,1336.3
" Dual-promotor","CFP first",1310.9,423.65
" Dual-promotor","CFP first",1317.8,1396.9
" Dual-promotor","CFP first",1324.4,1600.8
" Dual-promotor","CFP first",1337.1,592.1
" Dual-promotor","CFP first",1338.9,1375.9
" Dual-promotor","CFP first",1344.3,1715.4
" Dual-promotor","CFP first",1346.5,1403.4
" Dual-promotor","CFP first",1360.8,1300.9
" Dual-promotor","CFP first",1365.8,1680.3
" Dual-promotor","CFP first",1367.5,1921.6
" Dual-promotor","CFP first",1403.8,1688.6
" Dual-promotor","CFP first",1411.7,974.78
" Dual-promotor","CFP first",1428.2,1848.5
" Dual-promotor","CFP first",1443.2,1934.8
" Dual-promotor","CFP first",1464.4,2718.6
" Dual-promotor","CFP first",1467.1,1895.3
" Dual-promotor","CFP first",1510.8,1483.1
" Dual-promotor","CFP first",1523.7,2290.1
" Dual-promotor","CFP first",1525.6,2043.3
" Dual-promotor","CFP first",1540.2,1938.9
" Dual-promotor","CFP first",1542.9,1609.1
" Dual-promotor","CFP first",1559.1,1728.3
" Dual-promotor","CFP first",1571.8,2556.4
" Dual-promotor","CFP first",1585.7,1235.6
" Dual-promotor","CFP first",1645.5,2326.3
" Dual-promotor","CFP first",1669,1596.8
" Dual-promotor","CFP first",1682.9,1441.3
" Dual-promotor","CFP first",1704.9,1737.7
" Dual-promotor","CFP first",1749.5,1244.2
" Dual-promotor","CFP first",1788.2,2044
" Dual-promotor","CFP first",1847.3,1422.9
" Dual-promotor","CFP first",1863.7,3020.1
" Dual-promotor","CFP first",1908,3145.9
" Dual-promotor","CFP first",1934.2,1530.9
" Dual-promotor","CFP first",1999.3,1763.4
" Dual-promotor","CFP first",2117.2,2007.1
" Dual-promotor","CFP first",2130,2280.7
" Dual-promotor","CFP first",2594.7,3667.1
" Dual-promotor","CFP first",61.635,28.863
" Dual-promotor","CFP first",98.332,103.39
" Dual-promotor","CFP first",98.736,124.97
" Dual-promotor","CFP first",108.18,116.33
" Dual-promotor","CFP first",112.36,50.057
" Dual-promotor","CFP first",115.84,106.8
" Dual-promotor","CFP first",118.76,125.67
" Dual-promotor","CFP first",120.68,83.794
" Dual-promotor","CFP first",120.75,66.338
" Dual-promotor","CFP first",121.31,151.02
" Dual-promotor","CFP first",126.19,91.679
" Dual-promotor","CFP first",136.62,73.271
" Dual-promotor","CFP first",137.19,216.29
" Dual-promotor","CFP first",137.29,137.6
" Dual-promotor","CFP first",138.13,230.55
" Dual-promotor","CFP first",139.96,86.166
" Dual-promotor","CFP first",142.04,188.29
" Dual-promotor","CFP first",145.13,131.05
" Dual-promotor","CFP first",156.11,233.42
" Dual-promotor","CFP first",158.3,90.68
" Dual-promotor","CFP first",159.69,189.5
" Dual-promotor","CFP first",164.46,494.93
" Dual-promotor","CFP first",168.14,214.36
" Dual-promotor","CFP first",169.93,160.91
" Dual-promotor","CFP first",179.02,792.34
" Dual-promotor","CFP first",179.25,125.96
" Dual-promotor","CFP first",179.38,123.8
" Dual-promotor","CFP first",181.38,101.73
" Dual-promotor","CFP first",181.91,73.095
" Dual-promotor","CFP first",183.74,83.957
" Dual-promotor","CFP first",192.21,264.88
" Dual-promotor","CFP first",192.24,259.87
" Dual-promotor","CFP first",194.71,393.15
" Dual-promotor","CFP first",198.6,153.05
" Dual-promotor","CFP first",214.3,1400.7
" Dual-promotor","CFP first",214.79,360.61
" Dual-promotor","CFP first",216.36,857.36
" Dual-promotor","CFP first",222.55,240.28
" Dual-promotor","CFP first",225.23,273.98
" Dual-promotor","CFP first",226.02,123.55
" Dual-promotor","CFP first",226.07,324.67
" Dual-promotor","CFP first",226.86,493.73
" Dual-promotor","CFP first",228.25,119.09
" Dual-promotor","CFP first",229.76,321.11
" Dual-promotor","CFP first",232.65,427.56
" Dual-promotor","CFP first",232.75,433.13
" Dual-promotor","CFP first",235,127.5
" Dual-promotor","CFP first",237.48,261.41
" Dual-promotor","CFP first",242.87,407.03
" Dual-promotor","CFP first",244.15,397.48
" Dual-promotor","CFP first",245.31,923.3
" Dual-promotor","CFP first",247.23,1756.5
" Dual-promotor","CFP first",248.9,347.21
" Dual-promotor","CFP first",249.5,229.33
" Dual-promotor","CFP first",249.5,153.81
" Dual-promotor","CFP first",250.51,137.96
" Dual-promotor","CFP first",250.96,310.97
" Dual-promotor","CFP first",253.85,500.64
" Dual-promotor","CFP first",254.59,543.56
" Dual-promotor","CFP first",255.31,110.16
" Dual-promotor","CFP first",257.85,672.51
" Dual-promotor","CFP first",258.65,281.6
" Dual-promotor","CFP first",258.89,300.21
" Dual-promotor","CFP first",259.52,348.77
" Dual-promotor","CFP first",259.73,626.53
" Dual-promotor","CFP first",261.62,1478.4
" Dual-promotor","CFP first",263.59,115.76
" Dual-promotor","CFP first",266.15,410.17
" Dual-promotor","CFP first",266.94,103.89
" Dual-promotor","CFP first",268.55,363.85
" Dual-promotor","CFP first",269.3,324.76
" Dual-promotor","CFP first",270.34,440.9
" Dual-promotor","CFP first",275.32,485.7
" Dual-promotor","CFP first",281.64,184.72
" Dual-promotor","CFP first",282.75,641.19
" Dual-promotor","CFP first",287.5,293.7
" Dual-promotor","CFP first",288.41,159.83
" Dual-promotor","CFP first",289.06,270.9
" Dual-promotor","CFP first",289.62,168.45
" Dual-promotor","CFP first",301.83,364.3
" Dual-promotor","CFP first",305.62,269.13
" Dual-promotor","CFP first",305.71,167.79
" Dual-promotor","CFP first",310.12,364.13
" Dual-promotor","CFP first",311.62,380.13
" Dual-promotor","CFP first",317.04,405.18
" Dual-promotor","CFP first",317.25,1242
" Dual-promotor","CFP first",333.62,339.19
" Dual-promotor","CFP first",339.06,306.41
" Dual-promotor","CFP first",341.41,303.29
" Dual-promotor","CFP first",341.88,349.4
" Dual-promotor","CFP first",342.12,254.4
" Dual-promotor","CFP first",347.23,386.74
" Dual-promotor","CFP first",355.02,818.92
" Dual-promotor","CFP first",355.59,351.05
" Dual-promotor","CFP first",355.96,330.87
" Dual-promotor","CFP first",356.36,843.51
" Dual-promotor","CFP first",357.85,325.97
" Dual-promotor","CFP first",360.59,351.05
" Dual-promotor","CFP first",362.51,310.76
" Dual-promotor","CFP first",363.07,440.38
" Dual-promotor","CFP first",363.46,527.84
" Dual-promotor","CFP first",367.15,202.13
" Dual-promotor","CFP first",375.31,289.89
" Dual-promotor","CFP first",375.92,230.09
" Dual-promotor","CFP first",379,360.23
" Dual-promotor","CFP first",379.7,932.01
" Dual-promotor","CFP first",384.76,864.35
" Dual-promotor","CFP first",385.31,215.79
" Dual-promotor","CFP first",385.91,336.97
" Dual-promotor","CFP first",387.04,228.87
" Dual-promotor","CFP first",389.16,377.75
" Dual-promotor","CFP first",389.95,657.29
" Dual-promotor","CFP first",395.75,333.37
" Dual-promotor","CFP first",397.15,393.96
" Dual-promotor","CFP first",397.17,491.88
" Dual-promotor","CFP first",398.13,214.38
" Dual-promotor","CFP first",402.08,432.11
" Dual-promotor","CFP first",402.37,941.35
" Dual-promotor","CFP first",407.39,593.13
" Dual-promotor","CFP first",408.42,334.94
" Dual-promotor","CFP first",409.54,331.85
" Dual-promotor","CFP first",411.15,395.17
" Dual-promotor","CFP first",412.33,722.64
" Dual-promotor","CFP first",412.36,440.93
" Dual-promotor","CFP first",414.36,844.75
" Dual-promotor","CFP first",415.51,800.89
" Dual-promotor","CFP first",415.73,261.55
" Dual-promotor","CFP first",416.9,221.77
" Dual-promotor","CFP first",417.32,267.78
" Dual-promotor","CFP first",417.9,669.22
" Dual-promotor","CFP first",422.01,447.07
" Dual-promotor","CFP first",423.51,358.71
" Dual-promotor","CFP first",425.98,343.81
" Dual-promotor","CFP first",428.47,284.12
" Dual-promotor","CFP first",436.19,352.81
" Dual-promotor","CFP first",442.6,590.37
" Dual-promotor","CFP first",442.96,1017.5
" Dual-promotor","CFP first",446.61,1559.5
" Dual-promotor","CFP first",447.5,743.36
" Dual-promotor","CFP first",451.57,473.87
" Dual-promotor","CFP first",452.27,289.86
" Dual-promotor","CFP first",455.94,1932.4
" Dual-promotor","CFP first",456.72,346.73
" Dual-promotor","CFP first",458.11,518.2
" Dual-promotor","CFP first",458.41,245.09
" Dual-promotor","CFP first",458.63,638.1
" Dual-promotor","CFP first",468.03,1031.5
" Dual-promotor","CFP first",469.29,485.57
" Dual-promotor","CFP first",472.66,584.89
" Dual-promotor","CFP first",475.04,585.35
" Dual-promotor","CFP first",477.53,403.65
" Dual-promotor","CFP first",480.12,676.65
" Dual-promotor","CFP first",481.68,432.46
" Dual-promotor","CFP first",483.97,727.95
" Dual-promotor","CFP first",485.52,530.11
" Dual-promotor","CFP first",488.33,1314.2
" Dual-promotor","CFP first",489.68,778.1
" Dual-promotor","CFP first",491.39,306.77
" Dual-promotor","CFP first",494.31,397.91
" Dual-promotor","CFP first",497.88,732.73
" Dual-promotor","CFP first",498.02,749.76
" Dual-promotor","CFP first",498.21,1363.6
" Dual-promotor","CFP first",498.34,866.86
" Dual-promotor","CFP first",501.51,894.43
" Dual-promotor","CFP first",501.56,335.6
" Dual-promotor","CFP first",512.76,500.72
" Dual-promotor","CFP first",515.53,283.4
" Dual-promotor","CFP first",521.14,736.53
" Dual-promotor","CFP first",523.26,418.98
" Dual-promotor","CFP first",523.91,528.49
" Dual-promotor","CFP first",524.69,456.01
" Dual-promotor","CFP first",531.8,527.65
" Dual-promotor","CFP first",532.48,783.29
" Dual-promotor","CFP first",533.34,589.01
" Dual-promotor","CFP first",533.83,729.37
" Dual-promotor","CFP first",534.5,849.9
" Dual-promotor","CFP first",535.43,525.88
" Dual-promotor","CFP first",538.95,168.14
" Dual-promotor","CFP first",542.24,464.17
" Dual-promotor","CFP first",550.86,653.26
" Dual-promotor","CFP first",554.25,311.37
" Dual-promotor","CFP first",555.64,408.9
" Dual-promotor","CFP first",556.58,498.01
" Dual-promotor","CFP first",563.65,1057.2
" Dual-promotor","CFP first",570.77,454.16
" Dual-promotor","CFP first",571.19,495.38
" Dual-promotor","CFP first",571.28,433.48
" Dual-promotor","CFP first",572.33,639.11
" Dual-promotor","CFP first",573,357.87
" Dual-promotor","CFP first",579.01,632.24
" Dual-promotor","CFP first",582.14,691.05
" Dual-promotor","CFP first",582.43,1152.7
" Dual-promotor","CFP first",583.59,823.9
" Dual-promotor","CFP first",588.16,1042.1
" Dual-promotor","CFP first",588.43,925.39
" Dual-promotor","CFP first",588.6,590.65
" Dual-promotor","CFP first",594.03,1780.9
" Dual-promotor","CFP first",598.97,690.32
" Dual-promotor","CFP first",600.72,1629.9
" Dual-promotor","CFP first",605.47,503.19
" Dual-promotor","CFP first",606.08,486.53
" Dual-promotor","CFP first",606.44,411.44
" Dual-promotor","CFP first",609.75,490.39
" Dual-promotor","CFP first",613.81,965.82
" Dual-promotor","CFP first",617.59,987.31
" Dual-promotor","CFP first",617.8,1013.6
" Dual-promotor","CFP first",620.38,1141.1
" Dual-promotor","CFP first",622.61,917.84
" Dual-promotor","CFP first",623,478.06
" Dual-promotor","CFP first",629.93,969.52
" Dual-promotor","CFP first",630.01,1031.3
" Dual-promotor","CFP first",630.28,774.75
" Dual-promotor","CFP first",630.43,998.97
" Dual-promotor","CFP first",636.42,832.34
" Dual-promotor","CFP first",637.03,840.74
" Dual-promotor","CFP first",637.78,497.75
" Dual-promotor","CFP first",649.3,787.83
" Dual-promotor","CFP first",651.91,195.76
" Dual-promotor","CFP first",654.49,697.64
" Dual-promotor","CFP first",664.36,840.45
" Dual-promotor","CFP first",667.18,433.7
" Dual-promotor","CFP first",677.16,716.51
" Dual-promotor","CFP first",678.47,633.14
" Dual-promotor","CFP first",681.67,937.8
" Dual-promotor","CFP first",687.71,401.23
" Dual-promotor","CFP first",688.31,761.77
" Dual-promotor","CFP first",690.51,1001.1
" Dual-promotor","CFP first",691,949.81
" Dual-promotor","CFP first",716.85,510.54
" Dual-promotor","CFP first",718.93,361.9
" Dual-promotor","CFP first",719.36,728.35
" Dual-promotor","CFP first",719.97,326.01
" Dual-promotor","CFP first",730.23,449.8
" Dual-promotor","CFP first",736.23,1279
" Dual-promotor","CFP first",742.68,723.25
" Dual-promotor","CFP first",743.96,566.44
" Dual-promotor","CFP first",743.99,2523.8
" Dual-promotor","CFP first",746.83,461.41
" Dual-promotor","CFP first",758.55,189.47
" Dual-promotor","CFP first",760.96,821.22
" Dual-promotor","CFP first",765,904.6
" Dual-promotor","CFP first",766.81,198.4
" Dual-promotor","CFP first",774.37,845.74
" Dual-promotor","CFP first",777.41,789.76
" Dual-promotor","CFP first",786.17,1317.9
" Dual-promotor","CFP first",787.13,1454.5
" Dual-promotor","CFP first",794.32,1038.6
" Dual-promotor","CFP first",795.25,285.76
" Dual-promotor","CFP first",799.4,663.19
" Dual-promotor","CFP first",804.15,368.76
" Dual-promotor","CFP first",806.16,952.37
" Dual-promotor","CFP first",808.93,882.49
" Dual-promotor","CFP first",817.34,961.99
" Dual-promotor","CFP first",820.88,927.07
" Dual-promotor","CFP first",821.68,1145
" Dual-promotor","CFP first",826.7,1050.3
" Dual-promotor","CFP first",831.4,1010.2
" Dual-promotor","CFP first",833.04,1188.7
" Dual-promotor","CFP first",836.24,1002.8
" Dual-promotor","CFP first",838.47,720.18
" Dual-promotor","CFP first",839.07,1798.2
" Dual-promotor","CFP first",842.26,721.5
" Dual-promotor","CFP first",844.3,408.99
" Dual-promotor","CFP first",845.29,988.43
" Dual-promotor","CFP first",846.35,550.09
" Dual-promotor","CFP first",849.72,1181.1
" Dual-promotor","CFP first",849.94,1059.6
" Dual-promotor","CFP first",853.91,377.64
" Dual-promotor","CFP first",865.07,636.5
" Dual-promotor","CFP first",865.98,1184.2
" Dual-promotor","CFP first",876.07,1434.3
" Dual-promotor","CFP first",880.21,750.2
" Dual-promotor","CFP first",880.37,748.71
" Dual-promotor","CFP first",882.44,2320
" Dual-promotor","CFP first",899.29,803.83
" Dual-promotor","CFP first",901.3,1658.7
" Dual-promotor","CFP first",902.76,2454.8
" Dual-promotor","CFP first",908.19,1439.1
" Dual-promotor","CFP first",916,1047
" Dual-promotor","CFP first",920.11,1120.1
" Dual-promotor","CFP first",925.09,1315.6
" Dual-promotor","CFP first",936.82,1220.1
" Dual-promotor","CFP first",938.43,524.94
" Dual-promotor","CFP first",940.96,920.35
" Dual-promotor","CFP first",949.69,1143.8
" Dual-promotor","CFP first",953.09,940.6
" Dual-promotor","CFP first",961.49,1817.7
" Dual-promotor","CFP first",967.05,1245.1
" Dual-promotor","CFP first",972.93,915.36
" Dual-promotor","CFP first",981.1,1812.5
" Dual-promotor","CFP first",983.52,1577.2
" Dual-promotor","CFP first",1016.7,2107.7
" Dual-promotor","CFP first",1022.3,1423.2
" Dual-promotor","CFP first",1030.7,729.71
" Dual-promotor","CFP first",1034.7,1302.6
" Dual-promotor","CFP first",1043.5,1282.4
" Dual-promotor","CFP first",1060.1,1228.1
" Dual-promotor","CFP first",1060.3,2420.9
" Dual-promotor","CFP first",1073.4,948.58
" Dual-promotor","CFP first",1083.6,873.39
" Dual-promotor","CFP first",1083.9,1153
" Dual-promotor","CFP first",1085.1,2443.8
" Dual-promotor","CFP first",1092.6,1318.6
" Dual-promotor","CFP first",1098.3,1137.2
" Dual-promotor","CFP first",1098.6,970.26
" Dual-promotor","CFP first",1107.5,1107.2
" Dual-promotor","CFP first",1120.2,2353.5
" Dual-promotor","CFP first",1141.4,1339.6
" Dual-promotor","CFP first",1155.9,1604
" Dual-promotor","CFP first",1158.4,1423.8
" Dual-promotor","CFP first",1159.8,2143.5
" Dual-promotor","CFP first",1163.5,1634.4
" Dual-promotor","CFP first",1179.8,2132.5
" Dual-promotor","CFP first",1184.9,327.39
" Dual-promotor","CFP first",1198.2,309.93
" Dual-promotor","CFP first",1200.3,5638.1
" Dual-promotor","CFP first",1206.9,1514.2
" Dual-promotor","CFP first",1216,1173.5
" Dual-promotor","CFP first",1229.2,2264.2
" Dual-promotor","CFP first",1241.7,1656
" Dual-promotor","CFP first",1243.4,1480.4
" Dual-promotor","CFP first",1246.8,859.66
" Dual-promotor","CFP first",1281.2,1588.9
" Dual-promotor","CFP first",1284.5,1257.5
" Dual-promotor","CFP first",1309.2,1268.4
" Dual-promotor","CFP first",1312.5,2875.3
" Dual-promotor","CFP first",1351.5,1837.3
" Dual-promotor","CFP first",1351.6,1709.9
" Dual-promotor","CFP first",1359.7,1547.5
" Dual-promotor","CFP first",1380.6,2455.8
" Dual-promotor","CFP first",1382.3,704.97
" Dual-promotor","CFP first",1384.8,2367.4
" Dual-promotor","CFP first",1387.6,2507.7
" Dual-promotor","CFP first",1390.9,1541.7
" Dual-promotor","CFP first",1393.3,1345.8
" Dual-promotor","CFP first",1404.5,822.27
" Dual-promotor","CFP first",1432.7,3642.4
" Dual-promotor","CFP first",1437,3864.1
" Dual-promotor","CFP first",1472.3,1206.2
" Dual-promotor","CFP first",1487.4,2572.2
" Dual-promotor","CFP first",1489.9,1586.5
" Dual-promotor","CFP first",1523.2,1303.7
" Dual-promotor","CFP first",1549.6,4069.6
" Dual-promotor","CFP first",1554.6,1106.7
" Dual-promotor","CFP first",1588.7,1983.3
" Dual-promotor","CFP first",1595.8,2163.2
" Dual-promotor","CFP first",1625.9,1890.3
" Dual-promotor","CFP first",1640.6,1572.6
" Dual-promotor","CFP first",1711.9,631.34
" Dual-promotor","CFP first",1724.8,2133.2
" Dual-promotor","CFP first",1747.4,2186.3
" Dual-promotor","CFP first",1766.6,4577.2
" Dual-promotor","CFP first",1777.1,2291.9
" Dual-promotor","CFP first",1795.4,2106.2
" Dual-promotor","CFP first",1805.7,2679.1
" Dual-promotor","CFP first",1814.6,1295.9
" Dual-promotor","CFP first",1825.7,631.98
" Dual-promotor","CFP first",1849,2991.6
" Dual-promotor","CFP first",1867.8,2423.7
" Dual-promotor","CFP first",1905,309.53
" Dual-promotor","CFP first",1908,1836.3
" Dual-promotor","CFP first",1912.3,3563.2
" Dual-promotor","CFP first",1915.6,2312.1
" Dual-promotor","CFP first",1920.1,3842.6
" Dual-promotor","CFP first",1944.9,1769.8
" Dual-promotor","CFP first",1954.8,2977.1
" Dual-promotor","CFP first",2008,827.34
" Dual-promotor","CFP first",2010.4,2576.1
" Dual-promotor","CFP first",2023,3085.6
" Dual-promotor","CFP first",2033.5,1956.3
" Dual-promotor","CFP first",2042.7,4652.2
" Dual-promotor","CFP first",2070.5,2002.5
" Dual-promotor","CFP first",2089.4,3296.3
" Dual-promotor","CFP first",2121,5200.7
" Dual-promotor","CFP first",2130.6,3237.7
" Dual-promotor","CFP first",2144.2,2574.3
" Dual-promotor","CFP first",2157.3,2155.6
" Dual-promotor","CFP first",2253.8,3066
" Dual-promotor","CFP first",2255.3,2697.2
" Dual-promotor","CFP first",2278.5,630.73
" Dual-promotor","CFP first",2294.4,2292
" Dual-promotor","CFP first",2335,3414.8
" Dual-promotor","CFP first",2337.4,3191
" Dual-promotor","CFP first",2338.5,1064.3
" Dual-promotor","CFP first",2357.3,1558
" Dual-promotor","CFP first",2609,3728.9
" Dual-promotor","CFP first",2689.8,566.72
" Dual-promotor","CFP first",2788.6,1519.3
" Dual-promotor","CFP first",2805.9,1328.5
" Dual-promotor","CFP first",2865.7,1618.1
" Dual-promotor","CFP first",2947.7,688.96
" Dual-promotor","CFP first",2951.1,1062.2
" Dual-promotor","CFP first",3202.6,5771.4
" Dual-promotor","CFP first",3236.5,1105.8
" Dual-promotor","CFP first",3439.7,1246.9
" Dual-promotor","CFP first",4175,1135.9
" Dual-promotor","CFP first",NA,NA
" Dual-promotor","CFP first",NA,NA
" Dual-promotor","CFP first",NA,NA
" Dual-promotor","CFP first",NA,NA
" Dual-promotor","CFP first",NA,NA
" Dual-promotor","CFP first",NA,NA
" Dual-promotor","CFP first",NA,NA
" Dual-promotor","CFP first",NA,NA
" Dual-promotor","CFP first",NA,NA
" Dual-promotor","CFP first",NA,NA
" Dual-promotor","CFP first",NA,NA
" Dual-promotor","CFP first",NA,NA
" Dual-promotor","CFP first",NA,NA
" Dual-promotor","CFP first",NA,NA
" Dual-promotor","CFP first",NA,NA
" Dual-promotor","CFP first",NA,NA
" Dual-promotor","CFP first",NA,NA
" Dual-promotor","CFP first",NA,NA
" Dual-promotor","CFP first",NA,NA
" Dual-promotor","CFP first",NA,NA
" Dual-promotor","CFP first",NA,NA
" Dual-promotor","CFP first",NA,NA
" Dual-promotor","CFP first",NA,NA
" Dual-promotor","CFP first",NA,NA
" Dual-promotor","CFP first",NA,NA
" Dual-promotor","CFP first",NA,NA
" Dual-promotor","CFP first",NA,NA
" Dual-promotor","CFP first",NA,NA
" Dual-promotor","CFP first",NA,NA
" Dual-promotor","CFP first",NA,NA
" Dual-promotor","CFP first",NA,NA
" Dual-promotor","CFP first",NA,NA
" Dual-promotor","CFP first",NA,NA
" Dual-promotor","CFP first",NA,NA
" Dual-promotor","CFP first",NA,NA
" Dual-promotor","CFP first",NA,NA
" Dual-promotor","CFP first",NA,NA
" Dual-promotor","CFP first",NA,NA
" Dual-promotor","CFP first",NA,NA
" Dual-promotor","CFP first",NA,NA
" Dual-promotor","CFP first",NA,NA
" Dual-promotor","CFP first",NA,NA
" Dual-promotor","CFP first",NA,NA
" Dual-promotor","CFP first",NA,NA
" Dual-promotor","CFP first",NA,NA
" Dual-promotor","CFP first",NA,NA
" Dual-promotor","CFP first",NA,NA
" Dual-promotor","CFP first",NA,NA
" Dual-promotor","CFP first",NA,NA
" Dual-promotor","CFP first",NA,NA
" Dual-promotor","CFP first",NA,NA
" Dual-promotor","CFP first",NA,NA
" Dual-promotor","CFP first",NA,NA
" Dual-promotor","CFP first",NA,NA
" Dual-promotor","CFP first",NA,NA
" Dual-promotor","CFP first",NA,NA
" Dual-promotor","CFP first",NA,NA
" Dual-promotor","CFP first",NA,NA
" Dual-promotor","CFP first",NA,NA
" Dual-promotor","CFP first",NA,NA
" Dual-promotor","CFP first",NA,NA
" Dual-promotor","CFP first",NA,NA
" Dual-promotor","CFP first",NA,NA
" Dual-promotor","CFP first",NA,NA
" Dual-promotor","CFP first",NA,NA
" Dual-promotor","CFP first",NA,NA
" Dual-promotor","CFP first",NA,NA
" Dual-promotor","CFP first",NA,NA
" Dual-promotor","CFP first",NA,NA
" Dual-promotor","CFP first",NA,NA
" Dual-promotor","CFP first",NA,NA
" Dual-promotor","CFP first",NA,NA
" Dual-promotor","CFP first",NA,NA
" Dual-promotor","CFP first",NA,NA
" Dual-promotor","CFP first",NA,NA
" Dual-promotor","CFP first",NA,NA
" Dual-promotor","CFP first",NA,NA
" Dual-promotor","CFP first",NA,NA
" Dual-promotor","CFP first",NA,NA
" Dual-promotor","CFP first",NA,NA
" Dual-promotor","CFP first",NA,NA
" Dual-promotor","CFP first",NA,NA
" Dual-promotor","CFP first",NA,NA
" Dual-promotor","CFP first",NA,NA
" Dual-promotor","CFP first",NA,NA
" Dual-promotor","CFP first",NA,NA
" Dual-promotor","CFP first",NA,NA
" Dual-promotor","CFP first",NA,NA
" Dual-promotor","CFP first",NA,NA
" Dual-promotor","CFP first",NA,NA
" Dual-promotor","CFP first",NA,NA
" Dual-promotor","CFP first",NA,NA
" Dual-promotor","CFP first",NA,NA
" Dual-promotor","CFP first",NA,NA
" Dual-promotor","CFP first",NA,NA
" Dual-promotor","CFP first",NA,NA
" Dual-promotor","CFP first",NA,NA
" Dual-promotor","CFP first",NA,NA
" Dual-promotor","CFP first",NA,NA
" Dual-promotor","CFP first",NA,NA
" Dual-promotor","CFP first",NA,NA
" Dual-promotor","CFP first",NA,NA
" Dual-promotor","CFP first",NA,NA
" Dual-promotor","CFP first",NA,NA
" Dual-promotor","CFP first",NA,NA
" Dual-promotor","CFP first",NA,NA
" Dual-promotor","YFP first",88.841,113.92
" Dual-promotor","YFP first",95.053,118.53
" Dual-promotor","YFP first",99.563,208.09
" Dual-promotor","YFP first",105.63,275.01
" Dual-promotor","YFP first",124.37,162.51
" Dual-promotor","YFP first",142.13,225.24
" Dual-promotor","YFP first",152.45,256.21
" Dual-promotor","YFP first",170.04,252.75
" Dual-promotor","YFP first",170.71,172.9
" Dual-promotor","YFP first",174.02,280.67
" Dual-promotor","YFP first",180.83,267.04
" Dual-promotor","YFP first",192.8,207.5
" Dual-promotor","YFP first",203.77,90.129
" Dual-promotor","YFP first",205.14,307.22
" Dual-promotor","YFP first",207.67,312.33
" Dual-promotor","YFP first",217.65,184.12
" Dual-promotor","YFP first",222.14,141.1
" Dual-promotor","YFP first",224.96,355.62
" Dual-promotor","YFP first",231.85,437.84
" Dual-promotor","YFP first",233.3,345.81
" Dual-promotor","YFP first",235.3,380.69
" Dual-promotor","YFP first",237.01,186.71
" Dual-promotor","YFP first",239.68,256.49
" Dual-promotor","YFP first",245.47,308.07
" Dual-promotor","YFP first",245.49,361.81
" Dual-promotor","YFP first",251.59,526.08
" Dual-promotor","YFP first",257.68,396.99
" Dual-promotor","YFP first",259.74,262.14
" Dual-promotor","YFP first",270.22,364.58
" Dual-promotor","YFP first",275.38,231.36
" Dual-promotor","YFP first",277.15,619.86
" Dual-promotor","YFP first",280.16,377.41
" Dual-promotor","YFP first",284.81,187.83
" Dual-promotor","YFP first",285.48,289.56
" Dual-promotor","YFP first",296.93,739.39
" Dual-promotor","YFP first",301.68,762.13
" Dual-promotor","YFP first",304.52,449.1
" Dual-promotor","YFP first",306.7,694.78
" Dual-promotor","YFP first",312.86,340.09
" Dual-promotor","YFP first",316.27,214.94
" Dual-promotor","YFP first",316.54,333.09
" Dual-promotor","YFP first",318.24,113.48
" Dual-promotor","YFP first",322.99,688.6
" Dual-promotor","YFP first",329.55,457.08
" Dual-promotor","YFP first",329.86,507.8
" Dual-promotor","YFP first",332.71,278.93
" Dual-promotor","YFP first",333.38,733.28
" Dual-promotor","YFP first",336.35,391.53
" Dual-promotor","YFP first",338.24,412.83
" Dual-promotor","YFP first",343.19,570.79
" Dual-promotor","YFP first",347.98,714.9
" Dual-promotor","YFP first",348.74,535.66
" Dual-promotor","YFP first",352.55,423.95
" Dual-promotor","YFP first",352.6,597.15
" Dual-promotor","YFP first",359.19,435.01
" Dual-promotor","YFP first",360.88,590.95
" Dual-promotor","YFP first",361,563.33
" Dual-promotor","YFP first",361.17,914.7
" Dual-promotor","YFP first",364.08,460.34
" Dual-promotor","YFP first",369.98,704.61
" Dual-promotor","YFP first",370.42,769.7
" Dual-promotor","YFP first",370.51,509.5
" Dual-promotor","YFP first",372.03,456.66
" Dual-promotor","YFP first",374.77,160.01
" Dual-promotor","YFP first",376.46,765.47
" Dual-promotor","YFP first",378.21,306.46
" Dual-promotor","YFP first",382.25,679.47
" Dual-promotor","YFP first",385.85,567.4
" Dual-promotor","YFP first",389.45,671.49
" Dual-promotor","YFP first",391,372.2
" Dual-promotor","YFP first",391.51,772.06
" Dual-promotor","YFP first",391.93,314.97
" Dual-promotor","YFP first",392.44,806.39
" Dual-promotor","YFP first",392.62,204.29
" Dual-promotor","YFP first",392.89,529.39
" Dual-promotor","YFP first",394.22,565.63
" Dual-promotor","YFP first",396.57,310.25
" Dual-promotor","YFP first",402.1,890.66
" Dual-promotor","YFP first",402.16,619.68
" Dual-promotor","YFP first",406.17,197.38
" Dual-promotor","YFP first",406.78,637.04
" Dual-promotor","YFP first",409.09,888.94
" Dual-promotor","YFP first",410.3,787.35
" Dual-promotor","YFP first",411.02,591.33
" Dual-promotor","YFP first",412.47,533.11
" Dual-promotor","YFP first",413.79,968.99
" Dual-promotor","YFP first",415.8,534.03
" Dual-promotor","YFP first",416.62,1153
" Dual-promotor","YFP first",419.67,600.72
" Dual-promotor","YFP first",421.58,679.23
" Dual-promotor","YFP first",422.84,891.59
" Dual-promotor","YFP first",425.96,905.85
" Dual-promotor","YFP first",426.38,461.31
" Dual-promotor","YFP first",427.45,435.73
" Dual-promotor","YFP first",428.91,899.55
" Dual-promotor","YFP first",429.24,223.23
" Dual-promotor","YFP first",431.25,668.25
" Dual-promotor","YFP first",432.32,628.18
" Dual-promotor","YFP first",438.37,775.34
" Dual-promotor","YFP first",439.63,625.85
" Dual-promotor","YFP first",440.52,631.05
" Dual-promotor","YFP first",449.18,515.18
" Dual-promotor","YFP first",450.85,850.28
" Dual-promotor","YFP first",451.03,429.01
" Dual-promotor","YFP first",456.59,483.14
" Dual-promotor","YFP first",456.76,330.27
" Dual-promotor","YFP first",460.15,782.64
" Dual-promotor","YFP first",461.32,675.46
" Dual-promotor","YFP first",467.3,657.78
" Dual-promotor","YFP first",467.65,555.6
" Dual-promotor","YFP first",468.81,517.61
" Dual-promotor","YFP first",469.83,752.54
" Dual-promotor","YFP first",471.5,516.81
" Dual-promotor","YFP first",471.97,703.82
" Dual-promotor","YFP first",474.87,818.6
" Dual-promotor","YFP first",477.27,988.21
" Dual-promotor","YFP first",477.76,538.77
" Dual-promotor","YFP first",478.53,907.62
" Dual-promotor","YFP first",479.4,967.18
" Dual-promotor","YFP first",480.43,686.47
" Dual-promotor","YFP first",481.69,749.08
" Dual-promotor","YFP first",482.34,241.72
" Dual-promotor","YFP first",485.26,344.13
" Dual-promotor","YFP first",489.47,499.83
" Dual-promotor","YFP first",492.01,373.56
" Dual-promotor","YFP first",494.76,706.98
" Dual-promotor","YFP first",495.98,812.03
" Dual-promotor","YFP first",496.93,793.73
" Dual-promotor","YFP first",499.73,683.82
" Dual-promotor","YFP first",502.01,769.64
" Dual-promotor","YFP first",503.85,997.95
" Dual-promotor","YFP first",508.08,504.17
" Dual-promotor","YFP first",508.92,876.24
" Dual-promotor","YFP first",510.66,878.6
" Dual-promotor","YFP first",512.25,963.05
" Dual-promotor","YFP first",513.02,951.22
" Dual-promotor","YFP first",520.22,385.18
" Dual-promotor","YFP first",523.58,382.49
" Dual-promotor","YFP first",524.19,935.92
" Dual-promotor","YFP first",526.78,963.84
" Dual-promotor","YFP first",531.36,965.03
" Dual-promotor","YFP first",534.12,463.69
" Dual-promotor","YFP first",535.02,920.72
" Dual-promotor","YFP first",535.39,908.51
" Dual-promotor","YFP first",541.2,788.77
" Dual-promotor","YFP first",541.99,808.33
" Dual-promotor","YFP first",544.5,997.26
" Dual-promotor","YFP first",545.05,715.49
" Dual-promotor","YFP first",546.99,788.35
" Dual-promotor","YFP first",547.15,715.56
" Dual-promotor","YFP first",550.33,1021.5
" Dual-promotor","YFP first",551.71,602.64
" Dual-promotor","YFP first",553.98,553.45
" Dual-promotor","YFP first",556.64,1394.3
" Dual-promotor","YFP first",558.47,1002.4
" Dual-promotor","YFP first",562.95,746.08
" Dual-promotor","YFP first",568.37,653.83
" Dual-promotor","YFP first",570.14,1058.7
" Dual-promotor","YFP first",573.08,658.71
" Dual-promotor","YFP first",574.7,1047.2
" Dual-promotor","YFP first",574.77,1011
" Dual-promotor","YFP first",577.51,529.85
" Dual-promotor","YFP first",577.97,1086.2
" Dual-promotor","YFP first",580.24,448.1
" Dual-promotor","YFP first",580.47,502.31
" Dual-promotor","YFP first",590.53,767.77
" Dual-promotor","YFP first",597.65,953.16
" Dual-promotor","YFP first",599.75,649.52
" Dual-promotor","YFP first",600.39,444.45
" Dual-promotor","YFP first",600.91,1334.7
" Dual-promotor","YFP first",601.07,815
" Dual-promotor","YFP first",606.4,520.59
" Dual-promotor","YFP first",607.51,227.61
" Dual-promotor","YFP first",607.93,906.57
" Dual-promotor","YFP first",617.5,854.06
" Dual-promotor","YFP first",620.02,1021.8
" Dual-promotor","YFP first",620.27,1439.8
" Dual-promotor","YFP first",622.2,442.57
" Dual-promotor","YFP first",623.9,732.17
" Dual-promotor","YFP first",631.75,1450
" Dual-promotor","YFP first",633.35,595.25
" Dual-promotor","YFP first",634.93,989.04
" Dual-promotor","YFP first",635.63,589.59
" Dual-promotor","YFP first",639.93,868.43
" Dual-promotor","YFP first",639.98,1164.9
" Dual-promotor","YFP first",643.73,1050.1
" Dual-promotor","YFP first",643.74,295.18
" Dual-promotor","YFP first",645.49,1429.2
" Dual-promotor","YFP first",649.64,918.31
" Dual-promotor","YFP first",658.23,1453.1
" Dual-promotor","YFP first",660.96,1241.5
" Dual-promotor","YFP first",661.62,496.24
" Dual-promotor","YFP first",666.4,882.61
" Dual-promotor","YFP first",666.64,320.62
" Dual-promotor","YFP first",671.15,1224.4
" Dual-promotor","YFP first",673.4,1175.5
" Dual-promotor","YFP first",673.41,1308
" Dual-promotor","YFP first",676.86,644.95
" Dual-promotor","YFP first",683.71,1332
" Dual-promotor","YFP first",684,1222.6
" Dual-promotor","YFP first",687.44,2133.1
" Dual-promotor","YFP first",690.12,1208.2
" Dual-promotor","YFP first",690.41,725.64
" Dual-promotor","YFP first",693.74,1243.1
" Dual-promotor","YFP first",697.41,1307.5
" Dual-promotor","YFP first",705.52,1178.2
" Dual-promotor","YFP first",708.23,381.39
" Dual-promotor","YFP first",711.41,1356.9
" Dual-promotor","YFP first",714.65,1476.5
" Dual-promotor","YFP first",715.38,1049.5
" Dual-promotor","YFP first",715.89,1001.3
" Dual-promotor","YFP first",719.76,458.5
" Dual-promotor","YFP first",722.5,1364.9
" Dual-promotor","YFP first",722.87,871.94
" Dual-promotor","YFP first",725.64,1339
" Dual-promotor","YFP first",726.57,515.98
" Dual-promotor","YFP first",726.97,796.81
" Dual-promotor","YFP first",728.04,1337.6
" Dual-promotor","YFP first",731.16,483.22
" Dual-promotor","YFP first",731.98,1413.9
" Dual-promotor","YFP first",733.05,531.36
" Dual-promotor","YFP first",733.27,1158.4
" Dual-promotor","YFP first",734.44,577.37
" Dual-promotor","YFP first",734.53,578.86
" Dual-promotor","YFP first",734.94,1491.7
" Dual-promotor","YFP first",739.04,1377.5
" Dual-promotor","YFP first",747.36,1091
" Dual-promotor","YFP first",750.63,2233.1
" Dual-promotor","YFP first",754.55,1245.8
" Dual-promotor","YFP first",756.92,1020.8
" Dual-promotor","YFP first",758.11,602.3
" Dual-promotor","YFP first",760.45,842.77
" Dual-promotor","YFP first",760.65,655.15
" Dual-promotor","YFP first",764.89,910.03
" Dual-promotor","YFP first",766.83,852.05
" Dual-promotor","YFP first",770.6,477.24
" Dual-promotor","YFP first",771.62,917.98
" Dual-promotor","YFP first",774.32,517.39
" Dual-promotor","YFP first",781.86,625.03
" Dual-promotor","YFP first",783.91,626.07
" Dual-promotor","YFP first",793.18,1442.2
" Dual-promotor","YFP first",810.36,1857.6
" Dual-promotor","YFP first",814.65,1474.4
" Dual-promotor","YFP first",814.94,1256.7
" Dual-promotor","YFP first",822.2,1449.8
" Dual-promotor","YFP first",830.26,1213.8
" Dual-promotor","YFP first",835.13,1538.3
" Dual-promotor","YFP first",843.3,822.75
" Dual-promotor","YFP first",843.97,976.07
" Dual-promotor","YFP first",880.95,1579.5
" Dual-promotor","YFP first",889.89,1096.9
" Dual-promotor","YFP first",894.88,638.7
" Dual-promotor","YFP first",895.3,1700.1
" Dual-promotor","YFP first",895.73,643.07
" Dual-promotor","YFP first",905.1,785.27
" Dual-promotor","YFP first",909.9,2031.6
" Dual-promotor","YFP first",914.53,673.84
" Dual-promotor","YFP first",916.15,1270.1
" Dual-promotor","YFP first",916.95,986.22
" Dual-promotor","YFP first",917.54,780.37
" Dual-promotor","YFP first",926.94,1921.2
" Dual-promotor","YFP first",943.16,694.48
" Dual-promotor","YFP first",956.2,918.84
" Dual-promotor","YFP first",958.89,921.95
" Dual-promotor","YFP first",964.65,539.06
" Dual-promotor","YFP first",978.09,1594
" Dual-promotor","YFP first",981.55,1723.2
" Dual-promotor","YFP first",988.12,872.76
" Dual-promotor","YFP first",993.94,1398.2
" Dual-promotor","YFP first",996.71,941.75
" Dual-promotor","YFP first",1012.9,1848.9
" Dual-promotor","YFP first",1016.1,1212
" Dual-promotor","YFP first",1034.8,1222.6
" Dual-promotor","YFP first",1050.5,2035.1
" Dual-promotor","YFP first",1055.3,1191.7
" Dual-promotor","YFP first",1063.2,1899.3
" Dual-promotor","YFP first",1065.7,1403.5
" Dual-promotor","YFP first",1082.9,1153.2
" Dual-promotor","YFP first",1094.1,1291.5
" Dual-promotor","YFP first",1100.8,1803.7
" Dual-promotor","YFP first",1106.3,1545.4
" Dual-promotor","YFP first",1107.1,1367
" Dual-promotor","YFP first",1125.2,399.32
" Dual-promotor","YFP first",1128.2,2118.3
" Dual-promotor","YFP first",1134.2,1002.4
" Dual-promotor","YFP first",1135.6,1231.3
" Dual-promotor","YFP first",1136.5,955.63
" Dual-promotor","YFP first",1149.3,1530.8
" Dual-promotor","YFP first",1162.4,1566.2
" Dual-promotor","YFP first",1168,1470
" Dual-promotor","YFP first",1175.4,1225.5
" Dual-promotor","YFP first",1188.6,857.41
" Dual-promotor","YFP first",1202.2,1323.2
" Dual-promotor","YFP first",1209.7,537.04
" Dual-promotor","YFP first",1227.9,925.16
" Dual-promotor","YFP first",1239.9,1371.5
" Dual-promotor","YFP first",1286.5,1087.3
" Dual-promotor","YFP first",1293.4,1429.4
" Dual-promotor","YFP first",1297.7,1558.1
" Dual-promotor","YFP first",1305.2,1336.3
" Dual-promotor","YFP first",1310.9,423.65
" Dual-promotor","YFP first",1317.8,1396.9
" Dual-promotor","YFP first",1324.4,1600.8
" Dual-promotor","YFP first",1337.1,592.1
" Dual-promotor","YFP first",1338.9,1375.9
" Dual-promotor","YFP first",1344.3,1715.4
" Dual-promotor","YFP first",1346.5,1403.4
" Dual-promotor","YFP first",1360.8,1300.9
" Dual-promotor","YFP first",1365.8,1680.3
" Dual-promotor","YFP first",1367.5,1921.6
" Dual-promotor","YFP first",1403.8,1688.6
" Dual-promotor","YFP first",1411.7,974.78
" Dual-promotor","YFP first",1428.2,1848.5
" Dual-promotor","YFP first",1443.2,1934.8
" Dual-promotor","YFP first",1464.4,2718.6
" Dual-promotor","YFP first",1467.1,1895.3
" Dual-promotor","YFP first",1510.8,1483.1
" Dual-promotor","YFP first",1523.7,2290.1
" Dual-promotor","YFP first",1525.6,2043.3
" Dual-promotor","YFP first",1540.2,1938.9
" Dual-promotor","YFP first",1542.9,1609.1
" Dual-promotor","YFP first",1559.1,1728.3
" Dual-promotor","YFP first",1571.8,2556.4
" Dual-promotor","YFP first",1585.7,1235.6
" Dual-promotor","YFP first",1645.5,2326.3
" Dual-promotor","YFP first",1669,1596.8
" Dual-promotor","YFP first",1682.9,1441.3
" Dual-promotor","YFP first",1704.9,1737.7
" Dual-promotor","YFP first",1749.5,1244.2
" Dual-promotor","YFP first",1788.2,2044
" Dual-promotor","YFP first",1847.3,1422.9
" Dual-promotor","YFP first",1863.7,3020.1
" Dual-promotor","YFP first",1908,3145.9
" Dual-promotor","YFP first",1934.2,1530.9
" Dual-promotor","YFP first",1999.3,1763.4
" Dual-promotor","YFP first",2117.2,2007.1
" Dual-promotor","YFP first",2130,2280.7
" Dual-promotor","YFP first",2594.7,3667.1
" Dual-promotor","YFP first",NA,NA
" Dual-promotor","YFP first",NA,NA
" Dual-promotor","YFP first",NA,NA
" Dual-promotor","YFP first",NA,NA
" Dual-promotor","YFP first",NA,NA
" Dual-promotor","YFP first",NA,NA
" Dual-promotor","YFP first",NA,NA
" Dual-promotor","YFP first",NA,NA
" Dual-promotor","YFP first",NA,NA
" Dual-promotor","YFP first",NA,NA
" Dual-promotor","YFP first",NA,NA
" Dual-promotor","YFP first",NA,NA
" Dual-promotor","YFP first",NA,NA
" Dual-promotor","YFP first",NA,NA
" Dual-promotor","YFP first",NA,NA
" Dual-promotor","YFP first",NA,NA
" Dual-promotor","YFP first",NA,NA
" Dual-promotor","YFP first",NA,NA
" Dual-promotor","YFP first",NA,NA
" Dual-promotor","YFP first",NA,NA
" Dual-promotor","YFP first",NA,NA
" Dual-promotor","YFP first",NA,NA
" Dual-promotor","YFP first",NA,NA
" Dual-promotor","YFP first",NA,NA
" Dual-promotor","YFP first",NA,NA
" Dual-promotor","YFP first",NA,NA
" Dual-promotor","YFP first",NA,NA
" Dual-promotor","YFP first",NA,NA
" Dual-promotor","YFP first",NA,NA
" Dual-promotor","YFP first",NA,NA
" Dual-promotor","YFP first",NA,NA
" Dual-promotor","YFP first",NA,NA
" Dual-promotor","YFP first",NA,NA
" Dual-promotor","YFP first",NA,NA
" Dual-promotor","YFP first",NA,NA
" Dual-promotor","YFP first",NA,NA
" Dual-promotor","YFP first",NA,NA
" Dual-promotor","YFP first",NA,NA
" Dual-promotor","YFP first",NA,NA
" Dual-promotor","YFP first",NA,NA
" Dual-promotor","YFP first",NA,NA
" Dual-promotor","YFP first",NA,NA
" Dual-promotor","YFP first",NA,NA
" Dual-promotor","YFP first",NA,NA
" Dual-promotor","YFP first",NA,NA
" Dual-promotor","YFP first",NA,NA
" Dual-promotor","YFP first",NA,NA
" Dual-promotor","YFP first",NA,NA
" Dual-promotor","YFP first",NA,NA
" Dual-promotor","YFP first",NA,NA
" Dual-promotor","YFP first",NA,NA
" Dual-promotor","YFP first",NA,NA
" Dual-promotor","YFP first",NA,NA
" Dual-promotor","YFP first",NA,NA
" Dual-promotor","YFP first",NA,NA
" Dual-promotor","YFP first",NA,NA
" Dual-promotor","YFP first",NA,NA
" Dual-promotor","YFP first",NA,NA
" Dual-promotor","YFP first",NA,NA
" Dual-promotor","YFP first",NA,NA
" Dual-promotor","YFP first",NA,NA
" Dual-promotor","YFP first",NA,NA
" Dual-promotor","YFP first",NA,NA
" Dual-promotor","YFP first",NA,NA
" Dual-promotor","YFP first",NA,NA
" Dual-promotor","YFP first",NA,NA
" Dual-promotor","YFP first",NA,NA
" Dual-promotor","YFP first",NA,NA
" Dual-promotor","YFP first",NA,NA
" Dual-promotor","YFP first",NA,NA
" Dual-promotor","YFP first",NA,NA
" Dual-promotor","YFP first",NA,NA
" Dual-promotor","YFP first",NA,NA
" Dual-promotor","YFP first",NA,NA
" Dual-promotor","YFP first",NA,NA
" Dual-promotor","YFP first",NA,NA
" Dual-promotor","YFP first",NA,NA
" Dual-promotor","YFP first",NA,NA
" Dual-promotor","YFP first",NA,NA
" Dual-promotor","YFP first",NA,NA
" Dual-promotor","YFP first",NA,NA
" Dual-promotor","YFP first",NA,NA
" Dual-promotor","YFP first",NA,NA
" Dual-promotor","YFP first",NA,NA
" Dual-promotor","YFP first",NA,NA
" Dual-promotor","YFP first",NA,NA
" Dual-promotor","YFP first",NA,NA
" Dual-promotor","YFP first",NA,NA
" Dual-promotor","YFP first",NA,NA
" Dual-promotor","YFP first",NA,NA
" Dual-promotor","YFP first",NA,NA
" Dual-promotor","YFP first",NA,NA
" Dual-promotor","YFP first",NA,NA
" Dual-promotor","YFP first",NA,NA
" Dual-promotor","YFP first",NA,NA
" Dual-promotor","YFP first",NA,NA
" Dual-promotor","YFP first",NA,NA
" Dual-promotor","YFP first",NA,NA
" Dual-promotor","YFP first",NA,NA
" Dual-promotor","YFP first",NA,NA
" Dual-promotor","YFP first",NA,NA
" Dual-promotor","YFP first",NA,NA
" Dual-promotor","YFP first",NA,NA
" Dual-promotor","YFP first",NA,NA
" Dual-promotor","YFP first",NA,NA
" Dual-promotor","YFP first",NA,NA
" Dual-promotor","YFP first",NA,NA
" Dual-promotor","YFP first",NA,NA
" Dual-promotor","YFP first",NA,NA
" Dual-promotor","YFP first",NA,NA
" Dual-promotor","YFP first",NA,NA
" Dual-promotor","YFP first",NA,NA
" Dual-promotor","YFP first",NA,NA
" Dual-promotor","YFP first",NA,NA
" Dual-promotor","YFP first",NA,NA
" Dual-promotor","YFP first",NA,NA
" Dual-promotor","YFP first",NA,NA
" Dual-promotor","YFP first",NA,NA
" Dual-promotor","YFP first",NA,NA
" Dual-promotor","YFP first",NA,NA
" Dual-promotor","YFP first",NA,NA
" Dual-promotor","YFP first",NA,NA
" Dual-promotor","YFP first",NA,NA
" Dual-promotor","YFP first",NA,NA
" Dual-promotor","YFP first",NA,NA
" Dual-promotor","YFP first",NA,NA
" Dual-promotor","YFP first",NA,NA
" Dual-promotor","YFP first",NA,NA
" Dual-promotor","YFP first",NA,NA
" Dual-promotor","YFP first",NA,NA
" Dual-promotor","YFP first",NA,NA
" Dual-promotor","YFP first",NA,NA
" Dual-promotor","YFP first",NA,NA
" Dual-promotor","YFP first",NA,NA
" Dual-promotor","YFP first",NA,NA
" Dual-promotor","YFP first",NA,NA
" Dual-promotor","YFP first",NA,NA
" Dual-promotor","YFP first",NA,NA
" Dual-promotor","YFP first",NA,NA
" Dual-promotor","YFP first",NA,NA
" Dual-promotor","YFP first",NA,NA
" Dual-promotor","YFP first",NA,NA
" Dual-promotor","YFP first",NA,NA
" Dual-promotor","YFP first",NA,NA
" Dual-promotor","YFP first",NA,NA
" Dual-promotor","YFP first",NA,NA
" Dual-promotor","YFP first",NA,NA
" Dual-promotor","YFP first",NA,NA
" Dual-promotor","YFP first",NA,NA
" Dual-promotor","YFP first",NA,NA
" Dual-promotor","YFP first",NA,NA
" Dual-promotor","YFP first",NA,NA
" Dual-promotor","YFP first",NA,NA
" Dual-promotor","YFP first",NA,NA
" Dual-promotor","YFP first",NA,NA
" Dual-promotor","YFP first",NA,NA
" Dual-promotor","YFP first",NA,NA
" Dual-promotor","YFP first",NA,NA
" Dual-promotor","YFP first",NA,NA
" Dual-promotor","YFP first",NA,NA
" Dual-promotor","YFP first",NA,NA
" Dual-promotor","YFP first",NA,NA
" Dual-promotor","YFP first",NA,NA
" Dual-promotor","YFP first",NA,NA
" Dual-promotor","YFP first",NA,NA
" Dual-promotor","YFP first",NA,NA
" Dual-promotor","YFP first",NA,NA
" Dual-promotor","YFP first",NA,NA
" Dual-promotor","YFP first",NA,NA
" Dual-promotor","YFP first",NA,NA
" Dual-promotor","YFP first",NA,NA
" Dual-promotor","YFP first",NA,NA
" Dual-promotor","YFP first",NA,NA
" Dual-promotor","YFP first",NA,NA
" Dual-promotor","YFP first",NA,NA
" Dual-promotor","YFP first",NA,NA
" Dual-promotor","YFP first",NA,NA
" Dual-promotor","YFP first",NA,NA
" Dual-promotor","YFP first",NA,NA
" Dual-promotor","YFP first",NA,NA
" Dual-promotor","YFP first",NA,NA
" Dual-promotor","YFP first",NA,NA
" Dual-promotor","YFP first",NA,NA
" Dual-promotor","YFP first",NA,NA
" Dual-promotor","YFP first",NA,NA
" Dual-promotor","YFP first",NA,NA
" Dual-promotor","YFP first",NA,NA
" Dual-promotor","YFP first",NA,NA
" Dual-promotor","YFP first",NA,NA
" Dual-promotor","YFP first",NA,NA
" Dual-promotor","YFP first",NA,NA
" Dual-promotor","YFP first",NA,NA
" Dual-promotor","YFP first",NA,NA
" Dual-promotor","YFP first",NA,NA
" Dual-promotor","YFP first",NA,NA
" Dual-promotor","YFP first",NA,NA
" Dual-promotor","YFP first",NA,NA
" Dual-promotor","YFP first",NA,NA
" Dual-promotor","YFP first",NA,NA
" Dual-promotor","YFP first",NA,NA
" Dual-promotor","YFP first",NA,NA
" Dual-promotor","YFP first",NA,NA
" Dual-promotor","YFP first",NA,NA
" Dual-promotor","YFP first",NA,NA
" Dual-promotor","YFP first",NA,NA
" Dual-promotor","YFP first",NA,NA
" Dual-promotor","YFP first",NA,NA
" Dual-promotor","YFP first",NA,NA
" Dual-promotor","YFP first",NA,NA
" Dual-promotor","YFP first",NA,NA
" Dual-promotor","YFP first",NA,NA
" Dual-promotor","YFP first",NA,NA
" Dual-promotor","YFP first",NA,NA
" Dual-promotor","YFP first",NA,NA
" Dual-promotor","YFP first",NA,NA
" Dual-promotor","YFP first",NA,NA
" Dual-promotor","YFP first",NA,NA
" Dual-promotor","YFP first",NA,NA
" Dual-promotor","YFP first",NA,NA
" Dual-promotor","YFP first",NA,NA
" Dual-promotor","YFP first",NA,NA
" Dual-promotor","YFP first",NA,NA
" Dual-promotor","YFP first",NA,NA
" Dual-promotor","YFP first",NA,NA
" Dual-promotor","YFP first",NA,NA
" Dual-promotor","YFP first",NA,NA
" Dual-promotor","YFP first",NA,NA
" Dual-promotor","YFP first",NA,NA
" Dual-promotor","YFP first",NA,NA
" Dual-promotor","YFP first",NA,NA
" Dual-promotor","YFP first",NA,NA
" Dual-promotor","YFP first",NA,NA
" Dual-promotor","YFP first",NA,NA
" Dual-promotor","YFP first",NA,NA
" Dual-promotor","YFP first",NA,NA
" Dual-promotor","YFP first",NA,NA
" Dual-promotor","YFP first",NA,NA
" Dual-promotor","YFP first",NA,NA
" Dual-promotor","YFP first",NA,NA
" Dual-promotor","YFP first",NA,NA
" Dual-promotor","YFP first",NA,NA
" Dual-promotor","YFP first",NA,NA
" Dual-promotor","YFP first",NA,NA
" Dual-promotor","YFP first",NA,NA
" Dual-promotor","YFP first",NA,NA
" Dual-promotor","YFP first",NA,NA
" Dual-promotor","YFP first",NA,NA
" Dual-promotor","YFP first",NA,NA
" Dual-promotor","YFP first",NA,NA
" Dual-promotor","YFP first",NA,NA
" Dual-promotor","YFP first",NA,NA
" Dual-promotor","YFP first",NA,NA
" Dual-promotor","YFP first",NA,NA
" Dual-promotor","YFP first",NA,NA
" Dual-promotor","YFP first",NA,NA
" Dual-promotor","YFP first",NA,NA
" Dual-promotor","YFP first",NA,NA
" Dual-promotor","YFP first",NA,NA
" Dual-promotor","YFP first",NA,NA
" Dual-promotor","YFP first",NA,NA
" Dual-promotor","YFP first",NA,NA
" Dual-promotor","YFP first",NA,NA
" Dual-promotor","YFP first",NA,NA
" Dual-promotor","YFP first",NA,NA
" Dual-promotor","YFP first",NA,NA
" Dual-promotor","YFP first",NA,NA
" Dual-promotor","YFP first",NA,NA
" Dual-promotor","YFP first",NA,NA
" Dual-promotor","YFP first",NA,NA
" Dual-promotor","YFP first",NA,NA
" Dual-promotor","YFP first",NA,NA
" Dual-promotor","YFP first",NA,NA
" Dual-promotor","YFP first",NA,NA
" Dual-promotor","YFP first",NA,NA
" Dual-promotor","YFP first",NA,NA
" Dual-promotor","YFP first",NA,NA
" Dual-promotor","YFP first",NA,NA
" Dual-promotor","YFP first",NA,NA
" Dual-promotor","YFP first",NA,NA
" Dual-promotor","YFP first",NA,NA
" Dual-promotor","YFP first",NA,NA
" Dual-promotor","YFP first",NA,NA
" Dual-promotor","YFP first",NA,NA
" Dual-promotor","YFP first",NA,NA
" Dual-promotor","YFP first",NA,NA
" Dual-promotor","YFP first",NA,NA
" Dual-promotor","YFP first",NA,NA
" Dual-promotor","YFP first",NA,NA
" Dual-promotor","YFP first",NA,NA
" Dual-promotor","YFP first",NA,NA
" Dual-promotor","YFP first",NA,NA
" Dual-promotor","YFP first",NA,NA
" Dual-promotor","YFP first",NA,NA
" Dual-promotor","YFP first",NA,NA
" Dual-promotor","YFP first",NA,NA
" Dual-promotor","YFP first",NA,NA
" Dual-promotor","YFP first",NA,NA
" Dual-promotor","YFP first",NA,NA
" Dual-promotor","YFP first",NA,NA
" Dual-promotor","YFP first",NA,NA
" Dual-promotor","YFP first",NA,NA
" Dual-promotor","YFP first",NA,NA
" Dual-promotor","YFP first",NA,NA
" Dual-promotor","YFP first",NA,NA
" Dual-promotor","YFP first",NA,NA
" Dual-promotor","YFP first",NA,NA
" Dual-promotor","YFP first",NA,NA
" Dual-promotor","YFP first",NA,NA
" Dual-promotor","YFP first",NA,NA
" Dual-promotor","YFP first",NA,NA
" Dual-promotor","YFP first",NA,NA
" Dual-promotor","YFP first",NA,NA
" Dual-promotor","YFP first",NA,NA
" Dual-promotor","YFP first",NA,NA
" Dual-promotor","YFP first",NA,NA
" Dual-promotor","YFP first",NA,NA
" Dual-promotor","YFP first",NA,NA
" Dual-promotor","YFP first",NA,NA
" Dual-promotor","YFP first",NA,NA
" Dual-promotor","YFP first",NA,NA
" Dual-promotor","YFP first",NA,NA
" Dual-promotor","YFP first",NA,NA
" Dual-promotor","YFP first",NA,NA
" Dual-promotor","YFP first",NA,NA
" Dual-promotor","YFP first",NA,NA
" Dual-promotor","YFP first",NA,NA
" Dual-promotor","YFP first",NA,NA
" Dual-promotor","YFP first",NA,NA
" Dual-promotor","YFP first",NA,NA
" Dual-promotor","YFP first",NA,NA
" Dual-promotor","YFP first",NA,NA
" Dual-promotor","YFP first",NA,NA
" Dual-promotor","YFP first",NA,NA
" Dual-promotor","YFP first",NA,NA
" Dual-promotor","YFP first",NA,NA
" Dual-promotor","YFP first",NA,NA
" Dual-promotor","YFP first",NA,NA
" Dual-promotor","YFP first",NA,NA
" Dual-promotor","YFP first",NA,NA
" Dual-promotor","YFP first",NA,NA
" Dual-promotor","YFP first",NA,NA
" Dual-promotor","YFP first",NA,NA
" Dual-promotor","YFP first",NA,NA
" Dual-promotor","YFP first",NA,NA
" Dual-promotor","YFP first",NA,NA
" Dual-promotor","YFP first",NA,NA
" Dual-promotor","YFP first",NA,NA
" Dual-promotor","YFP first",NA,NA
" Dual-promotor","YFP first",NA,NA
" Dual-promotor","YFP first",NA,NA
" Dual-promotor","YFP first",NA,NA
" Dual-promotor","YFP first",NA,NA
" Dual-promotor","YFP first",NA,NA
" Dual-promotor","YFP first",NA,NA
" Dual-promotor","YFP first",NA,NA
" Dual-promotor","YFP first",NA,NA
" Dual-promotor","YFP first",NA,NA
" Dual-promotor","YFP first",NA,NA
" Dual-promotor","YFP first",NA,NA
" Dual-promotor","YFP first",NA,NA
" Dual-promotor","YFP first",NA,NA
" Dual-promotor","YFP first",NA,NA
" Dual-promotor","YFP first",NA,NA
" Dual-promotor","YFP first",NA,NA
" Dual-promotor","YFP first",NA,NA
" Dual-promotor","YFP first",NA,NA
" Dual-promotor","YFP first",NA,NA
" Dual-promotor","YFP first",NA,NA
" Dual-promotor","YFP first",NA,NA
" Dual-promotor","YFP first",NA,NA
" Dual-promotor","YFP first",NA,NA
" Dual-promotor","YFP first",NA,NA
" Dual-promotor","YFP first",NA,NA
" Dual-promotor","YFP first",NA,NA
" Dual-promotor","YFP first",NA,NA
" Dual-promotor","YFP first",NA,NA
" Dual-promotor","YFP first",NA,NA
" Dual-promotor","YFP first",NA,NA
" Dual-promotor","YFP first",NA,NA
" Dual-promotor","YFP first",NA,NA
" Dual-promotor","YFP first",NA,NA
" Dual-promotor","YFP first",NA,NA
" Dual-promotor","YFP first",NA,NA
" Dual-promotor","YFP first",NA,NA
" Dual-promotor","YFP first",NA,NA
" Dual-promotor","YFP first",NA,NA
" Dual-promotor","YFP first",NA,NA
" Dual-promotor","YFP first",NA,NA
" Dual-promotor","YFP first",NA,NA
" Dual-promotor","YFP first",NA,NA
" Dual-promotor","YFP first",NA,NA
" Dual-promotor","YFP first",NA,NA
" Dual-promotor","YFP first",NA,NA
" Dual-promotor","YFP first",NA,NA
" Dual-promotor","YFP first",NA,NA
" Dual-promotor","YFP first",NA,NA
" Dual-promotor","YFP first",NA,NA
" Dual-promotor","YFP first",NA,NA
" Dual-promotor","YFP first",NA,NA
" Dual-promotor","YFP first",NA,NA
" Dual-promotor","YFP first",NA,NA
" Dual-promotor","YFP first",NA,NA
" Dual-promotor","YFP first",NA,NA
" Dual-promotor","YFP first",NA,NA
" Dual-promotor","YFP first",NA,NA
" Dual-promotor","YFP first",NA,NA
" Dual-promotor","YFP first",NA,NA
" Dual-promotor","YFP first",NA,NA
" Dual-promotor","YFP first",NA,NA
" Dual-promotor","YFP first",NA,NA
" Dual-promotor","YFP first",NA,NA
" Dual-promotor","YFP first",NA,NA
" Dual-promotor","YFP first",NA,NA
" Dual-promotor","YFP first",NA,NA
" Dual-promotor","YFP first",NA,NA
" Dual-promotor","YFP first",NA,NA
" Dual-promotor","YFP first",NA,NA
" Dual-promotor","YFP first",NA,NA
" Dual-promotor","YFP first",NA,NA
" Dual-promotor","YFP first",NA,NA
" Dual-promotor","YFP first",NA,NA
" Dual-promotor","YFP first",NA,NA
" Dual-promotor","YFP first",NA,NA
" Dual-promotor","YFP first",NA,NA
" Dual-promotor","YFP first",NA,NA
" Dual-promotor","YFP first",NA,NA
" Dual-promotor","YFP first",NA,NA
" Dual-promotor","YFP first",NA,NA
" Dual-promotor","YFP first",NA,NA
" Dual-promotor","YFP first",NA,NA
" Dual-promotor","YFP first",NA,NA
" Dual-promotor","YFP first",NA,NA
" Dual-promotor","YFP first",NA,NA
" Dual-promotor","YFP first",NA,NA
" Dual-promotor","YFP first",NA,NA
" Dual-promotor","YFP first",NA,NA
" Dual-promotor","YFP first",NA,NA
" Dual-promotor","YFP first",NA,NA
" Dual-promotor","YFP first",NA,NA
" Dual-promotor","YFP first",NA,NA
" Dual-promotor","YFP first",NA,NA
" Dual-promotor","YFP first",NA,NA
" Dual-promotor","YFP first",NA,NA
" Dual-promotor","YFP first",NA,NA
" Dual-promotor","YFP first",NA,NA
" Dual-promotor","YFP first",NA,NA
" Dual-promotor","YFP first",NA,NA
" Dual-promotor","YFP first",NA,NA
" Dual-promotor","YFP first",NA,NA
" Dual-promotor","YFP first",NA,NA
" Dual-promotor","YFP first",NA,NA
" Dual-promotor","YFP first",NA,NA
" Dual-promotor","YFP first",NA,NA
" Dual-promotor","YFP first",NA,NA
" Dual-promotor","YFP first",NA,NA
" Dual-promotor","YFP first",NA,NA
" Dual-promotor","YFP first",NA,NA
" Dual-promotor","YFP first",NA,NA
" Dual-promotor","YFP first",NA,NA
" Dual-promotor","YFP first",NA,NA
" Dual-promotor","YFP first",NA,NA
" Dual-promotor","YFP first",NA,NA
" Dual-promotor","YFP first",NA,NA
" Dual-promotor","YFP first",NA,NA
" Dual-promotor","YFP first",NA,NA
" Dual-promotor","YFP first",NA,NA
" Dual-promotor","YFP first",NA,NA
" Dual-promotor","YFP first",NA,NA
" Dual-promotor","YFP first",NA,NA
" Dual-promotor","YFP first",NA,NA
" Dual-promotor","YFP first",NA,NA
" Dual-promotor","YFP first",NA,NA
" Dual-promotor","YFP first",NA,NA
" Dual-promotor","YFP first",NA,NA
" Dual-promotor","YFP first",NA,NA
" Dual-promotor","YFP first",NA,NA
" Dual-promotor","YFP first",NA,NA
" Dual-promotor","YFP first",NA,NA
" Dual-promotor","YFP first",NA,NA
" Dual-promotor","YFP first",NA,NA
" Dual-promotor","YFP first",NA,NA
" Dual-promotor","YFP first",NA,NA
" Dual-promotor","YFP first",NA,NA
" Dual-promotor","YFP first",NA,NA
" Dual-promotor","YFP first",NA,NA
" Dual-promotor","YFP first",NA,NA
" Dual-promotor","YFP first",NA,NA
" Dual-promotor","YFP first",NA,NA
" Dual-promotor","YFP first",NA,NA
" Dual-promotor","YFP first",NA,NA
" Dual-promotor","YFP first",NA,NA
" Dual-promotor","YFP first",NA,NA
" Dual-promotor","YFP first",NA,NA
" Dual-promotor","YFP first",NA,NA
" Dual-promotor","YFP first",NA,NA
" Dual-promotor","YFP first",NA,NA
" Dual-promotor","YFP first",NA,NA
" Dual-promotor","YFP first",NA,NA
" Dual-promotor","YFP first",NA,NA
" Dual-promotor","YFP first",NA,NA
" Dual-promotor","YFP first",NA,NA
" Dual-promotor","YFP first",NA,NA
"2A-peptide","CFP first",107.36,124.57
"2A-peptide","CFP first",129.05,158.97
"2A-peptide","CFP first",132.55,160.52
"2A-peptide","CFP first",140.84,166.7
"2A-peptide","CFP first",144.45,166.72
"2A-peptide","CFP first",152.47,146.71
"2A-peptide","CFP first",164.21,177.82
"2A-peptide","CFP first",175.01,234.58
"2A-peptide","CFP first",175.97,192.59
"2A-peptide","CFP first",183.3,259.54
"2A-peptide","CFP first",186.41,213.69
"2A-peptide","CFP first",187.97,232.98
"2A-peptide","CFP first",198.52,249.92
"2A-peptide","CFP first",210.8,127.98
"2A-peptide","CFP first",216.83,247.34
"2A-peptide","CFP first",220.84,261.04
"2A-peptide","CFP first",224,223.65
"2A-peptide","CFP first",231.32,284.91
"2A-peptide","CFP first",235.2,275.96
"2A-peptide","CFP first",236.59,282.64
"2A-peptide","CFP first",240.34,260.99
"2A-peptide","CFP first",240.76,284.44
"2A-peptide","CFP first",242.48,239.54
"2A-peptide","CFP first",255.26,319.19
"2A-peptide","CFP first",258.49,306.62
"2A-peptide","CFP first",261.89,296.12
"2A-peptide","CFP first",263.6,330.54
"2A-peptide","CFP first",263.82,300.81
"2A-peptide","CFP first",274.2,346.22
"2A-peptide","CFP first",283.56,346.56
"2A-peptide","CFP first",286.56,339.02
"2A-peptide","CFP first",294.33,333.95
"2A-peptide","CFP first",297.92,316.65
"2A-peptide","CFP first",310.65,321.64
"2A-peptide","CFP first",316.8,373.92
"2A-peptide","CFP first",317.25,435.57
"2A-peptide","CFP first",319.38,325.71
"2A-peptide","CFP first",322.82,354.54
"2A-peptide","CFP first",327.15,427.41
"2A-peptide","CFP first",327.81,338.74
"2A-peptide","CFP first",329.61,338.62
"2A-peptide","CFP first",331.77,408.3
"2A-peptide","CFP first",333.34,424.96
"2A-peptide","CFP first",336.25,287.87
"2A-peptide","CFP first",342.42,408.14
"2A-peptide","CFP first",343.87,459.37
"2A-peptide","CFP first",348.68,408.22
"2A-peptide","CFP first",351.12,382.79
"2A-peptide","CFP first",354.64,422.86
"2A-peptide","CFP first",354.99,495.03
"2A-peptide","CFP first",356.4,376.55
"2A-peptide","CFP first",359.34,399.52
"2A-peptide","CFP first",366.86,494.7
"2A-peptide","CFP first",368.78,419.74
"2A-peptide","CFP first",371.53,451.83
"2A-peptide","CFP first",372.5,370.19
"2A-peptide","CFP first",377.86,434.89
"2A-peptide","CFP first",380,455.85
"2A-peptide","CFP first",380.03,520.84
"2A-peptide","CFP first",380.57,446.02
"2A-peptide","CFP first",381.08,471
"2A-peptide","CFP first",382.15,511.4
"2A-peptide","CFP first",382.61,560.33
"2A-peptide","CFP first",383.15,494.76
"2A-peptide","CFP first",384.25,394.25
"2A-peptide","CFP first",388.92,570.89
"2A-peptide","CFP first",390.13,466.64
"2A-peptide","CFP first",391.41,510.61
"2A-peptide","CFP first",392.59,397.12
"2A-peptide","CFP first",396.76,470.3
"2A-peptide","CFP first",398.47,441.04
"2A-peptide","CFP first",404.56,600.91
"2A-peptide","CFP first",408.99,547.79
"2A-peptide","CFP first",415.08,434.01
"2A-peptide","CFP first",415.98,486.58
"2A-peptide","CFP first",419.29,485.6
"2A-peptide","CFP first",427.1,578.11
"2A-peptide","CFP first",428.11,514.22
"2A-peptide","CFP first",430.09,447.3
"2A-peptide","CFP first",431.58,661.33
"2A-peptide","CFP first",432.14,609.89
"2A-peptide","CFP first",432.38,431.97
"2A-peptide","CFP first",433.36,614.48
"2A-peptide","CFP first",436.59,575.4
"2A-peptide","CFP first",438.97,536.13
"2A-peptide","CFP first",439.89,559.46
"2A-peptide","CFP first",439.92,577.59
"2A-peptide","CFP first",442.38,574.27
"2A-peptide","CFP first",447.54,529.51
"2A-peptide","CFP first",448.24,565.97
"2A-peptide","CFP first",451.1,570.58
"2A-peptide","CFP first",453.75,454.85
"2A-peptide","CFP first",455.47,552.06
"2A-peptide","CFP first",457.66,622.05
"2A-peptide","CFP first",458.8,417.88
"2A-peptide","CFP first",458.87,610.68
"2A-peptide","CFP first",459.75,591.18
"2A-peptide","CFP first",461.2,510.38
"2A-peptide","CFP first",461.26,532.82
"2A-peptide","CFP first",466.67,559.09
"2A-peptide","CFP first",467.2,705.96
"2A-peptide","CFP first",468.68,519.85
"2A-peptide","CFP first",474.7,485.94
"2A-peptide","CFP first",475.7,559.18
"2A-peptide","CFP first",476.03,623.92
"2A-peptide","CFP first",478.84,466.43
"2A-peptide","CFP first",479.53,626.72
"2A-peptide","CFP first",481.22,510.85
"2A-peptide","CFP first",481.54,649.85
"2A-peptide","CFP first",482.61,531.46
"2A-peptide","CFP first",483.37,559.82
"2A-peptide","CFP first",487.45,506.03
"2A-peptide","CFP first",488.02,658.8
"2A-peptide","CFP first",489.08,552.39
"2A-peptide","CFP first",489.77,517.4
"2A-peptide","CFP first",490.98,599.34
"2A-peptide","CFP first",494.96,545.7
"2A-peptide","CFP first",499.6,578.7
"2A-peptide","CFP first",502.87,665.54
"2A-peptide","CFP first",505.71,638.93
"2A-peptide","CFP first",511.38,784.09
"2A-peptide","CFP first",511.47,545.43
"2A-peptide","CFP first",513.14,624.13
"2A-peptide","CFP first",515.6,754.91
"2A-peptide","CFP first",517.78,656.64
"2A-peptide","CFP first",519.22,622.65
"2A-peptide","CFP first",519.59,594.43
"2A-peptide","CFP first",523.32,620.06
"2A-peptide","CFP first",523.77,563.72
"2A-peptide","CFP first",524.6,716.05
"2A-peptide","CFP first",525.28,688.54
"2A-peptide","CFP first",525.49,708.46
"2A-peptide","CFP first",529.7,675.69
"2A-peptide","CFP first",529.79,613.52
"2A-peptide","CFP first",532.52,521.74
"2A-peptide","CFP first",537.08,531.88
"2A-peptide","CFP first",541.9,715.38
"2A-peptide","CFP first",544.6,563.55
"2A-peptide","CFP first",547.12,587.82
"2A-peptide","CFP first",550.95,747.61
"2A-peptide","CFP first",553.92,731.69
"2A-peptide","CFP first",554.32,882
"2A-peptide","CFP first",555.23,790.49
"2A-peptide","CFP first",557.07,663.93
"2A-peptide","CFP first",558.8,669.18
"2A-peptide","CFP first",560.34,742.32
"2A-peptide","CFP first",561.28,559.99
"2A-peptide","CFP first",563.44,565.3
"2A-peptide","CFP first",564.59,597.76
"2A-peptide","CFP first",571.31,757.08
"2A-peptide","CFP first",571.95,605.35
"2A-peptide","CFP first",572.56,697.11
"2A-peptide","CFP first",572.8,562.05
"2A-peptide","CFP first",573.08,736.15
"2A-peptide","CFP first",574.75,792.19
"2A-peptide","CFP first",580.35,835.1
"2A-peptide","CFP first",582.04,555.2
"2A-peptide","CFP first",590.2,602.85
"2A-peptide","CFP first",594.2,850.16
"2A-peptide","CFP first",595.42,790.27
"2A-peptide","CFP first",595.79,826.02
"2A-peptide","CFP first",596.49,680.12
"2A-peptide","CFP first",598.94,847.17
"2A-peptide","CFP first",603.77,619.8
"2A-peptide","CFP first",603.98,555.94
"2A-peptide","CFP first",608.68,673.27
"2A-peptide","CFP first",609.29,520.21
"2A-peptide","CFP first",611.94,921.84
"2A-peptide","CFP first",613.24,645.89
"2A-peptide","CFP first",614.99,872.08
"2A-peptide","CFP first",617.4,655.36
"2A-peptide","CFP first",617.93,776.36
"2A-peptide","CFP first",618.44,722.44
"2A-peptide","CFP first",619.17,798.58
"2A-peptide","CFP first",619.28,553.7
"2A-peptide","CFP first",619.57,658.57
"2A-peptide","CFP first",619.64,741
"2A-peptide","CFP first",620.45,798.53
"2A-peptide","CFP first",623.54,909.89
"2A-peptide","CFP first",625.04,733.49
"2A-peptide","CFP first",625.19,643.62
"2A-peptide","CFP first",631.13,776.82
"2A-peptide","CFP first",636.5,719.89
"2A-peptide","CFP first",641.14,904.9
"2A-peptide","CFP first",644.44,780.25
"2A-peptide","CFP first",644.47,821
"2A-peptide","CFP first",645.99,778.69
"2A-peptide","CFP first",646.55,904.46
"2A-peptide","CFP first",647.12,821.76
"2A-peptide","CFP first",647.22,664.63
"2A-peptide","CFP first",649.27,786.31
"2A-peptide","CFP first",652.38,607.44
"2A-peptide","CFP first",657.97,678.68
"2A-peptide","CFP first",659.21,986.73
"2A-peptide","CFP first",659.61,818.46
"2A-peptide","CFP first",660.14,830.47
"2A-peptide","CFP first",664.29,816.21
"2A-peptide","CFP first",671.54,856.54
"2A-peptide","CFP first",672.43,900.66
"2A-peptide","CFP first",675.7,840.76
"2A-peptide","CFP first",675.75,930.87
"2A-peptide","CFP first",676.21,819.1
"2A-peptide","CFP first",677.45,774.75
"2A-peptide","CFP first",677.79,924.91
"2A-peptide","CFP first",679.52,623.25
"2A-peptide","CFP first",681,739.13
"2A-peptide","CFP first",682.07,839.02
"2A-peptide","CFP first",682.52,788.3
"2A-peptide","CFP first",682.62,822.21
"2A-peptide","CFP first",685.15,874.13
"2A-peptide","CFP first",686.34,847.53
"2A-peptide","CFP first",687.87,815.92
"2A-peptide","CFP first",690.12,816.87
"2A-peptide","CFP first",691.23,736.51
"2A-peptide","CFP first",691.72,761.73
"2A-peptide","CFP first",692.85,801.4
"2A-peptide","CFP first",694.67,821.64
"2A-peptide","CFP first",694.69,887.34
"2A-peptide","CFP first",697.12,846.13
"2A-peptide","CFP first",697.99,727.36
"2A-peptide","CFP first",700.03,1071.5
"2A-peptide","CFP first",700.61,820.5
"2A-peptide","CFP first",702.63,922.88
"2A-peptide","CFP first",702.7,1024.6
"2A-peptide","CFP first",705.09,768.67
"2A-peptide","CFP first",708.56,668.63
"2A-peptide","CFP first",709.64,935.99
"2A-peptide","CFP first",713.17,902.67
"2A-peptide","CFP first",713.39,781.7
"2A-peptide","CFP first",715.46,874.65
"2A-peptide","CFP first",719.02,1035.8
"2A-peptide","CFP first",721.94,928.33
"2A-peptide","CFP first",724.54,805.8
"2A-peptide","CFP first",726.25,882.15
"2A-peptide","CFP first",727.92,911.94
"2A-peptide","CFP first",728.15,916.54
"2A-peptide","CFP first",736.54,789.19
"2A-peptide","CFP first",741.28,870.57
"2A-peptide","CFP first",741.78,808.69
"2A-peptide","CFP first",745.66,949.75
"2A-peptide","CFP first",749.85,640.03
"2A-peptide","CFP first",751.29,1013.7
"2A-peptide","CFP first",754.45,956.88
"2A-peptide","CFP first",755.33,871.86
"2A-peptide","CFP first",758.35,982.46
"2A-peptide","CFP first",759.52,677.03
"2A-peptide","CFP first",760.66,1088.2
"2A-peptide","CFP first",761.15,883.71
"2A-peptide","CFP first",762.82,933.6
"2A-peptide","CFP first",764.05,635.81
"2A-peptide","CFP first",764.4,1010.8
"2A-peptide","CFP first",765.47,1098.5
"2A-peptide","CFP first",765.74,1041.7
"2A-peptide","CFP first",765.88,985.88
"2A-peptide","CFP first",767.73,614.02
"2A-peptide","CFP first",769.16,886.97
"2A-peptide","CFP first",774,1019.1
"2A-peptide","CFP first",777.91,676.61
"2A-peptide","CFP first",778.8,917.53
"2A-peptide","CFP first",779.72,1092.1
"2A-peptide","CFP first",781.73,1003.9
"2A-peptide","CFP first",781.84,968.07
"2A-peptide","CFP first",781.88,768.62
"2A-peptide","CFP first",783.3,956.03
"2A-peptide","CFP first",789.56,1104
"2A-peptide","CFP first",789.91,962.32
"2A-peptide","CFP first",793.6,923.6
"2A-peptide","CFP first",796.36,832.01
"2A-peptide","CFP first",799.26,908.26
"2A-peptide","CFP first",805.02,1066.2
"2A-peptide","CFP first",809.25,836.19
"2A-peptide","CFP first",810.58,995.09
"2A-peptide","CFP first",810.93,1098.7
"2A-peptide","CFP first",811.88,1059.1
"2A-peptide","CFP first",814.12,1044.6
"2A-peptide","CFP first",819.65,925.93
"2A-peptide","CFP first",821,1059
"2A-peptide","CFP first",822.03,1023.2
"2A-peptide","CFP first",823.6,1066.9
"2A-peptide","CFP first",824.54,1017.5
"2A-peptide","CFP first",825.77,1029.3
"2A-peptide","CFP first",829.8,1098.7
"2A-peptide","CFP first",830.66,1189.3
"2A-peptide","CFP first",833.35,1152.6
"2A-peptide","CFP first",834.1,1219.2
"2A-peptide","CFP first",835.29,1185.7
"2A-peptide","CFP first",837.29,942.26
"2A-peptide","CFP first",837.49,1050.6
"2A-peptide","CFP first",838.87,1077
"2A-peptide","CFP first",841.34,1163.4
"2A-peptide","CFP first",841.48,915.1
"2A-peptide","CFP first",842.84,907.08
"2A-peptide","CFP first",843.93,850.78
"2A-peptide","CFP first",845.38,775.59
"2A-peptide","CFP first",853.1,856.9
"2A-peptide","CFP first",858.45,1064.4
"2A-peptide","CFP first",858.78,1270.6
"2A-peptide","CFP first",859.73,1303.2
"2A-peptide","CFP first",860.79,1081.1
"2A-peptide","CFP first",861.81,1055.2
"2A-peptide","CFP first",866.49,1267.8
"2A-peptide","CFP first",868.75,877.6
"2A-peptide","CFP first",871.25,985.98
"2A-peptide","CFP first",874.02,744.19
"2A-peptide","CFP first",880.07,1077.7
"2A-peptide","CFP first",883.05,1321.9
"2A-peptide","CFP first",883.89,1022.9
"2A-peptide","CFP first",885.57,1091
"2A-peptide","CFP first",887.5,1228.7
"2A-peptide","CFP first",890.56,1139.9
"2A-peptide","CFP first",890.78,929.61
"2A-peptide","CFP first",892.66,886.75
"2A-peptide","CFP first",893.17,910.07
"2A-peptide","CFP first",895.33,1302.5
"2A-peptide","CFP first",896.26,1107.5
"2A-peptide","CFP first",898.11,1235.4
"2A-peptide","CFP first",901.88,1063.3
"2A-peptide","CFP first",902.09,1115.1
"2A-peptide","CFP first",902.38,1358.6
"2A-peptide","CFP first",902.86,1085.6
"2A-peptide","CFP first",907.07,905.74
"2A-peptide","CFP first",908.16,1249.9
"2A-peptide","CFP first",910.17,1267.7
"2A-peptide","CFP first",911.98,1093.8
"2A-peptide","CFP first",915.62,1319
"2A-peptide","CFP first",918.74,1042.9
"2A-peptide","CFP first",927.17,1212.2
"2A-peptide","CFP first",930.93,1132.1
"2A-peptide","CFP first",932.56,1123.4
"2A-peptide","CFP first",932.91,1157
"2A-peptide","CFP first",933.48,1212.4
"2A-peptide","CFP first",938.08,1126
"2A-peptide","CFP first",939.41,1169.1
"2A-peptide","CFP first",940.03,1309.2
"2A-peptide","CFP first",940.07,1299.7
"2A-peptide","CFP first",941.45,1211.3
"2A-peptide","CFP first",946.78,1252.7
"2A-peptide","CFP first",956.8,1330.7
"2A-peptide","CFP first",964.38,1521.6
"2A-peptide","CFP first",968.21,1142
"2A-peptide","CFP first",968.35,1215.8
"2A-peptide","CFP first",969.13,1331.1
"2A-peptide","CFP first",970.08,1268.8
"2A-peptide","CFP first",971.15,1472.2
"2A-peptide","CFP first",973.07,1267.7
"2A-peptide","CFP first",973.82,1179.9
"2A-peptide","CFP first",977.15,1389.6
"2A-peptide","CFP first",979.13,1145.8
"2A-peptide","CFP first",982.63,1094.2
"2A-peptide","CFP first",984.22,1176.7
"2A-peptide","CFP first",985.44,1236.8
"2A-peptide","CFP first",985.57,1307.4
"2A-peptide","CFP first",986.56,1109
"2A-peptide","CFP first",986.8,1388.1
"2A-peptide","CFP first",987.95,1370.8
"2A-peptide","CFP first",988.5,1359.7
"2A-peptide","CFP first",989.34,1300.7
"2A-peptide","CFP first",989.5,1150.8
"2A-peptide","CFP first",992.5,1463.6
"2A-peptide","CFP first",992.5,1371.5
"2A-peptide","CFP first",999.52,1289.8
"2A-peptide","CFP first",1006.6,1461.8
"2A-peptide","CFP first",1007.5,1474.9
"2A-peptide","CFP first",1011.6,1102.7
"2A-peptide","CFP first",1011.6,1338.7
"2A-peptide","CFP first",1011.9,1220.5
"2A-peptide","CFP first",1014.6,1216.3
"2A-peptide","CFP first",1015.1,1157.5
"2A-peptide","CFP first",1015.5,972.72
"2A-peptide","CFP first",1016,1003.1
"2A-peptide","CFP first",1016.6,1230.5
"2A-peptide","CFP first",1019.6,1242.3
"2A-peptide","CFP first",1024.2,1173.4
"2A-peptide","CFP first",1024.4,985.47
"2A-peptide","CFP first",1027.6,1110.3
"2A-peptide","CFP first",1030.6,1338.3
"2A-peptide","CFP first",1031.5,1372.9
"2A-peptide","CFP first",1033.4,1442.4
"2A-peptide","CFP first",1034.8,1460
"2A-peptide","CFP first",1038.7,1138.1
"2A-peptide","CFP first",1040.4,982.19
"2A-peptide","CFP first",1043.6,1303
"2A-peptide","CFP first",1043.6,1349.5
"2A-peptide","CFP first",1043.9,1168.9
"2A-peptide","CFP first",1049.7,1301.7
"2A-peptide","CFP first",1051.3,1319.8
"2A-peptide","CFP first",1051.7,1409.3
"2A-peptide","CFP first",1056.5,1282.9
"2A-peptide","CFP first",1060.1,1501.4
"2A-peptide","CFP first",1060.7,1252.3
"2A-peptide","CFP first",1063,1735.8
"2A-peptide","CFP first",1063.4,1297.2
"2A-peptide","CFP first",1063.4,1552.1
"2A-peptide","CFP first",1073.6,1455.2
"2A-peptide","CFP first",1076.4,1347.7
"2A-peptide","CFP first",1082.1,1157.4
"2A-peptide","CFP first",1085.3,922.74
"2A-peptide","CFP first",1086.1,1496.2
"2A-peptide","CFP first",1092.3,1579.9
"2A-peptide","CFP first",1094.7,1376.2
"2A-peptide","CFP first",1095,1229.5
"2A-peptide","CFP first",1096.5,1574.7
"2A-peptide","CFP first",1097.9,1591
"2A-peptide","CFP first",1098.3,1250.3
"2A-peptide","CFP first",1106.6,1190.3
"2A-peptide","CFP first",1108.1,1505.8
"2A-peptide","CFP first",1109.6,1199.9
"2A-peptide","CFP first",1111.9,1486
"2A-peptide","CFP first",1112.5,1275.6
"2A-peptide","CFP first",1115.2,1170.9
"2A-peptide","CFP first",1120.2,1651.7
"2A-peptide","CFP first",1124.9,1406
"2A-peptide","CFP first",1127,1382
"2A-peptide","CFP first",1130.1,1245.8
"2A-peptide","CFP first",1133.5,1422.4
"2A-peptide","CFP first",1135.8,1397.5
"2A-peptide","CFP first",1141.7,1570.8
"2A-peptide","CFP first",1145.3,1447.2
"2A-peptide","CFP first",1152.1,1435.6
"2A-peptide","CFP first",1157.4,1231.8
"2A-peptide","CFP first",1160.9,1551
"2A-peptide","CFP first",1162.5,1403.3
"2A-peptide","CFP first",1163.9,1408.4
"2A-peptide","CFP first",1168.7,1404.2
"2A-peptide","CFP first",1173.1,1211.1
"2A-peptide","CFP first",1176.6,1393.9
"2A-peptide","CFP first",1182.5,1230.6
"2A-peptide","CFP first",1182.9,1683.9
"2A-peptide","CFP first",1186.4,1655.3
"2A-peptide","CFP first",1190.6,1736.7
"2A-peptide","CFP first",1190.6,1563.1
"2A-peptide","CFP first",1191.3,1698.6
"2A-peptide","CFP first",1195.5,1663
"2A-peptide","CFP first",1195.8,1633.8
"2A-peptide","CFP first",1203.3,1444.7
"2A-peptide","CFP first",1212.8,1294.5
"2A-peptide","CFP first",1219.3,1222.7
"2A-peptide","CFP first",1235.9,1660.8
"2A-peptide","CFP first",1240.1,1675.7
"2A-peptide","CFP first",1240.7,1542.7
"2A-peptide","CFP first",1241.4,1415.4
"2A-peptide","CFP first",1242.9,1379.4
"2A-peptide","CFP first",1244.1,1357.4
"2A-peptide","CFP first",1246,1451.1
"2A-peptide","CFP first",1248.1,1445.1
"2A-peptide","CFP first",1248.3,1348.8
"2A-peptide","CFP first",1249.1,2018.1
"2A-peptide","CFP first",1251.9,1834
"2A-peptide","CFP first",1252.1,1327.3
"2A-peptide","CFP first",1254.8,1809.1
"2A-peptide","CFP first",1255.5,1372.4
"2A-peptide","CFP first",1255.7,1362.6
"2A-peptide","CFP first",1256.5,1414.3
"2A-peptide","CFP first",1257.8,1276.1
"2A-peptide","CFP first",1258.5,1549.7
"2A-peptide","CFP first",1259.8,1609.6
"2A-peptide","CFP first",1262.5,1703.1
"2A-peptide","CFP first",1268.3,1564.1
"2A-peptide","CFP first",1270.1,1306.8
"2A-peptide","CFP first",1287.1,1584.6
"2A-peptide","CFP first",1294.2,1802
"2A-peptide","CFP first",1294.3,1990.2
"2A-peptide","CFP first",1295.8,1377.5
"2A-peptide","CFP first",1303.1,1879.1
"2A-peptide","CFP first",1303.6,1248.9
"2A-peptide","CFP first",1305.1,1447.8
"2A-peptide","CFP first",1310.2,1909.4
"2A-peptide","CFP first",1312.3,1628.4
"2A-peptide","CFP first",1319.2,1394
"2A-peptide","CFP first",1320.3,1582.5
"2A-peptide","CFP first",1322.1,1789.8
"2A-peptide","CFP first",1324.6,1677.4
"2A-peptide","CFP first",1336.9,1676.2
"2A-peptide","CFP first",1337.1,1667.5
"2A-peptide","CFP first",1339.3,1727.1
"2A-peptide","CFP first",1342,1230.6
"2A-peptide","CFP first",1342.9,1717.9
"2A-peptide","CFP first",1343.5,1407
"2A-peptide","CFP first",1343.7,1233.5
"2A-peptide","CFP first",1345.8,1439.6
"2A-peptide","CFP first",1348.3,1477.6
"2A-peptide","CFP first",1359.3,1430.6
"2A-peptide","CFP first",1361.3,1580.2
"2A-peptide","CFP first",1365.2,1844.1
"2A-peptide","CFP first",1376,1864.1
"2A-peptide","CFP first",1379.8,1708.4
"2A-peptide","CFP first",1402.4,2413.2
"2A-peptide","CFP first",1404.1,1451.8
"2A-peptide","CFP first",1412.2,1938.4
"2A-peptide","CFP first",1419.2,1622.7
"2A-peptide","CFP first",1420.6,1601.7
"2A-peptide","CFP first",1422.4,1646.8
"2A-peptide","CFP first",1424.9,1902.8
"2A-peptide","CFP first",1426,1946.2
"2A-peptide","CFP first",1426.5,1664.9
"2A-peptide","CFP first",1433.8,1723.5
"2A-peptide","CFP first",1436,1560.3
"2A-peptide","CFP first",1437.6,1816.9
"2A-peptide","CFP first",1442.6,2098.4
"2A-peptide","CFP first",1451.5,1759.6
"2A-peptide","CFP first",1454.4,1855
"2A-peptide","CFP first",1460.5,1850.3
"2A-peptide","CFP first",1461.1,1925.1
"2A-peptide","CFP first",1474,1779.5
"2A-peptide","CFP first",1477.5,1825.5
"2A-peptide","CFP first",1478.6,1541.2
"2A-peptide","CFP first",1478.8,2025.3
"2A-peptide","CFP first",1482.5,1732
"2A-peptide","CFP first",1503.7,1492.1
"2A-peptide","CFP first",1511.6,1603
"2A-peptide","CFP first",1538.7,1811.3
"2A-peptide","CFP first",1542,2384.8
"2A-peptide","CFP first",1556.4,1666.4
"2A-peptide","CFP first",1561.5,1624.4
"2A-peptide","CFP first",1563.3,1175.3
"2A-peptide","CFP first",1569.3,2403.2
"2A-peptide","CFP first",1570.5,1897.3
"2A-peptide","CFP first",1570.8,1554.6
"2A-peptide","CFP first",1603.7,1989.5
"2A-peptide","CFP first",1613.5,2153.9
"2A-peptide","CFP first",1629.8,2378.7
"2A-peptide","CFP first",1633,2092.1
"2A-peptide","CFP first",1634.9,1928.3
"2A-peptide","CFP first",1635.9,2182.1
"2A-peptide","CFP first",1638.1,1599.9
"2A-peptide","CFP first",1638.7,1980.2
"2A-peptide","CFP first",1643.1,1727.4
"2A-peptide","CFP first",1647.4,2234.7
"2A-peptide","CFP first",1661.9,1708.7
"2A-peptide","CFP first",1675.6,2274.9
"2A-peptide","CFP first",1682.9,2439.9
"2A-peptide","CFP first",1689.1,1468.2
"2A-peptide","CFP first",1696.1,1579.1
"2A-peptide","CFP first",1700.2,1512.2
"2A-peptide","CFP first",1702.5,2102.1
"2A-peptide","CFP first",1702.9,2269.4
"2A-peptide","CFP first",1709.3,2109.4
"2A-peptide","CFP first",1709.9,1863.9
"2A-peptide","CFP first",1721.1,2681.5
"2A-peptide","CFP first",1723.6,2281.7
"2A-peptide","CFP first",1726.7,2248.8
"2A-peptide","CFP first",1728.5,2120.8
"2A-peptide","CFP first",1746.1,2383.1
"2A-peptide","CFP first",1751.8,2280.5
"2A-peptide","CFP first",1761.7,2406
"2A-peptide","CFP first",1763.8,2509.4
"2A-peptide","CFP first",1766.2,2409.5
"2A-peptide","CFP first",1766.9,2077.7
"2A-peptide","CFP first",1767.7,2143
"2A-peptide","CFP first",1785.2,2268
"2A-peptide","CFP first",1791.2,2511.8
"2A-peptide","CFP first",1794,2157.5
"2A-peptide","CFP first",1797.6,1835.1
"2A-peptide","CFP first",1816.8,2431.5
"2A-peptide","CFP first",1818.5,2346.4
"2A-peptide","CFP first",1853.3,2602.3
"2A-peptide","CFP first",1860.2,2426.4
"2A-peptide","CFP first",1902.1,2101
"2A-peptide","CFP first",1912.6,2849
"2A-peptide","CFP first",1918.5,2012.5
"2A-peptide","CFP first",1919.4,2606.5
"2A-peptide","CFP first",1922.6,2889.3
"2A-peptide","CFP first",1925.2,2733.8
"2A-peptide","CFP first",1942.8,2509.8
"2A-peptide","CFP first",1947.7,2849.2
"2A-peptide","CFP first",1947.9,2084.5
"2A-peptide","CFP first",1961.2,2455.7
"2A-peptide","CFP first",1966.1,2501.8
"2A-peptide","CFP first",1970,2674.7
"2A-peptide","CFP first",2001.1,2737.4
"2A-peptide","CFP first",2011.1,2854.3
"2A-peptide","CFP first",2054.2,1960.8
"2A-peptide","CFP first",2083.6,2511
"2A-peptide","CFP first",2085.7,2449.9
"2A-peptide","CFP first",2104.9,2227.3
"2A-peptide","CFP first",2133.7,3031.7
"2A-peptide","CFP first",2161.7,1816.8
"2A-peptide","CFP first",2191.1,3074.2
"2A-peptide","CFP first",2197.1,3121.5
"2A-peptide","CFP first",2199.7,2212.5
"2A-peptide","CFP first",2205.9,2274.3
"2A-peptide","CFP first",2212.7,2814.5
"2A-peptide","CFP first",2215.5,3216.9
"2A-peptide","CFP first",2221.1,1948.1
"2A-peptide","CFP first",2245.9,3358.5
"2A-peptide","CFP first",2252.2,3159.7
"2A-peptide","CFP first",2318.1,1807.4
"2A-peptide","CFP first",2320.9,3181.5
"2A-peptide","CFP first",2326,2948.9
"2A-peptide","CFP first",2344.4,3416.7
"2A-peptide","CFP first",2352.3,3012.9
"2A-peptide","CFP first",2356.5,2426.8
"2A-peptide","CFP first",2359.1,2772.3
"2A-peptide","CFP first",2395.2,3454.6
"2A-peptide","CFP first",2413.1,3325.1
"2A-peptide","CFP first",2413.9,2866.2
"2A-peptide","CFP first",2417.9,2964.2
"2A-peptide","CFP first",2425.8,2917.1
"2A-peptide","CFP first",2436.3,2240
"2A-peptide","CFP first",2449.2,3206.3
"2A-peptide","CFP first",2456.8,3380.9
"2A-peptide","CFP first",2465.9,2913.1
"2A-peptide","CFP first",2471.6,3237.6
"2A-peptide","CFP first",2530.5,2919.8
"2A-peptide","CFP first",2581.8,3169
"2A-peptide","CFP first",2593.6,3344.8
"2A-peptide","CFP first",2608.4,3794.7
"2A-peptide","CFP first",2637.3,3223.8
"2A-peptide","CFP first",2645.2,3573.2
"2A-peptide","CFP first",2715.3,3228.3
"2A-peptide","CFP first",2741.1,2459.7
"2A-peptide","CFP first",2744.3,3678.3
"2A-peptide","CFP first",2768.9,3557.5
"2A-peptide","CFP first",2814.2,4201.4
"2A-peptide","CFP first",2839.7,3797.7
"2A-peptide","CFP first",2839.8,3562.6
"2A-peptide","CFP first",2880.3,3857.9
"2A-peptide","CFP first",2950.4,3334.9
"2A-peptide","CFP first",2950.6,3227.2
"2A-peptide","CFP first",3066.1,3961.4
"2A-peptide","CFP first",3095.2,4803.9
"2A-peptide","CFP first",3162.7,3798
"2A-peptide","CFP first",3170,4682
"2A-peptide","CFP first",3174.8,3843.3
"2A-peptide","CFP first",3188,3804.5
"2A-peptide","CFP first",3336.2,3881.3
"2A-peptide","CFP first",3403.7,4481.3
"2A-peptide","CFP first",3616.1,4310.1
"2A-peptide","CFP first",3688.9,5167.1
"2A-peptide","CFP first",NA,NA
"2A-peptide","CFP first",NA,NA
"2A-peptide","CFP first",NA,NA
"2A-peptide","CFP first",NA,NA
"2A-peptide","CFP first",NA,NA
"2A-peptide","CFP first",NA,NA
"2A-peptide","CFP first",NA,NA
"2A-peptide","CFP first",NA,NA
"2A-peptide","CFP first",NA,NA
"2A-peptide","CFP first",NA,NA
"2A-peptide","CFP first",NA,NA
"2A-peptide","CFP first",NA,NA
"2A-peptide","CFP first",NA,NA
"2A-peptide","CFP first",NA,NA
"2A-peptide","CFP first",NA,NA
"2A-peptide","CFP first",NA,NA
"2A-peptide","CFP first",NA,NA
"2A-peptide","CFP first",NA,NA
"2A-peptide","CFP first",NA,NA
"2A-peptide","CFP first",NA,NA
"2A-peptide","CFP first",NA,NA
"2A-peptide","CFP first",NA,NA
"2A-peptide","CFP first",NA,NA
"2A-peptide","CFP first",NA,NA
"2A-peptide","CFP first",NA,NA
"2A-peptide","CFP first",NA,NA
"2A-peptide","CFP first",NA,NA
"2A-peptide","CFP first",NA,NA
"2A-peptide","CFP first",NA,NA
"2A-peptide","CFP first",NA,NA
"2A-peptide","CFP first",NA,NA
"2A-peptide","CFP first",NA,NA
"2A-peptide","CFP first",NA,NA
"2A-peptide","CFP first",NA,NA
"2A-peptide","CFP first",NA,NA
"2A-peptide","CFP first",NA,NA
"2A-peptide","CFP first",NA,NA
"2A-peptide","CFP first",NA,NA
"2A-peptide","CFP first",NA,NA
"2A-peptide","CFP first",NA,NA
"2A-peptide","CFP first",NA,NA
"2A-peptide","CFP first",NA,NA
"2A-peptide","CFP first",NA,NA
"2A-peptide","CFP first",NA,NA
"2A-peptide","CFP first",NA,NA
"2A-peptide","CFP first",NA,NA
"2A-peptide","CFP first",NA,NA
"2A-peptide","CFP first",NA,NA
"2A-peptide","CFP first",NA,NA
"2A-peptide","CFP first",NA,NA
"2A-peptide","CFP first",NA,NA
"2A-peptide","CFP first",NA,NA
"2A-peptide","CFP first",NA,NA
"2A-peptide","CFP first",NA,NA
"2A-peptide","CFP first",NA,NA
"2A-peptide","CFP first",NA,NA
"2A-peptide","CFP first",NA,NA
"2A-peptide","CFP first",NA,NA
"2A-peptide","CFP first",NA,NA
"2A-peptide","CFP first",NA,NA
"2A-peptide","CFP first",NA,NA
"2A-peptide","CFP first",NA,NA
"2A-peptide","CFP first",NA,NA
"2A-peptide","CFP first",NA,NA
"2A-peptide","CFP first",NA,NA
"2A-peptide","CFP first",NA,NA
"2A-peptide","CFP first",NA,NA
"2A-peptide","CFP first",NA,NA
"2A-peptide","CFP first",NA,NA
"2A-peptide","CFP first",NA,NA
"2A-peptide","CFP first",NA,NA
"2A-peptide","CFP first",NA,NA
"2A-peptide","CFP first",NA,NA
"2A-peptide","CFP first",NA,NA
"2A-peptide","CFP first",NA,NA
"2A-peptide","CFP first",NA,NA
"2A-peptide","CFP first",NA,NA
"2A-peptide","CFP first",NA,NA
"2A-peptide","CFP first",NA,NA
"2A-peptide","CFP first",NA,NA
"2A-peptide","CFP first",NA,NA
"2A-peptide","CFP first",NA,NA
"2A-peptide","CFP first",NA,NA
"2A-peptide","CFP first",NA,NA
"2A-peptide","CFP first",NA,NA
"2A-peptide","CFP first",NA,NA
"2A-peptide","CFP first",NA,NA
"2A-peptide","CFP first",NA,NA
"2A-peptide","CFP first",NA,NA
"2A-peptide","CFP first",NA,NA
"2A-peptide","CFP first",NA,NA
"2A-peptide","CFP first",NA,NA
"2A-peptide","CFP first",NA,NA
"2A-peptide","CFP first",NA,NA
"2A-peptide","CFP first",NA,NA
"2A-peptide","CFP first",NA,NA
"2A-peptide","CFP first",NA,NA
"2A-peptide","CFP first",NA,NA
"2A-peptide","CFP first",NA,NA
"2A-peptide","CFP first",NA,NA
"2A-peptide","CFP first",NA,NA
"2A-peptide","CFP first",NA,NA
"2A-peptide","CFP first",NA,NA
"2A-peptide","CFP first",NA,NA
"2A-peptide","CFP first",NA,NA
"2A-peptide","CFP first",NA,NA
"2A-peptide","CFP first",NA,NA
"2A-peptide","CFP first",NA,NA
"2A-peptide","CFP first",NA,NA
"2A-peptide","CFP first",NA,NA
"2A-peptide","CFP first",NA,NA
"2A-peptide","CFP first",NA,NA
"2A-peptide","CFP first",NA,NA
"2A-peptide","CFP first",NA,NA
"2A-peptide","CFP first",NA,NA
"2A-peptide","CFP first",NA,NA
"2A-peptide","CFP first",NA,NA
"2A-peptide","CFP first",NA,NA
"2A-peptide","CFP first",NA,NA
"2A-peptide","CFP first",NA,NA
"2A-peptide","CFP first",NA,NA
"2A-peptide","CFP first",NA,NA
"2A-peptide","CFP first",NA,NA
"2A-peptide","CFP first",NA,NA
"2A-peptide","CFP first",NA,NA
"2A-peptide","CFP first",NA,NA
"2A-peptide","CFP first",NA,NA
"2A-peptide","CFP first",NA,NA
"2A-peptide","CFP first",NA,NA
"2A-peptide","CFP first",NA,NA
"2A-peptide","CFP first",NA,NA
"2A-peptide","CFP first",NA,NA
"2A-peptide","CFP first",NA,NA
"2A-peptide","CFP first",NA,NA
"2A-peptide","CFP first",NA,NA
"2A-peptide","CFP first",NA,NA
"2A-peptide","CFP first",NA,NA
"2A-peptide","CFP first",NA,NA
"2A-peptide","CFP first",NA,NA
"2A-peptide","CFP first",NA,NA
"2A-peptide","CFP first",NA,NA
"2A-peptide","CFP first",NA,NA
"2A-peptide","CFP first",NA,NA
"2A-peptide","CFP first",NA,NA
"2A-peptide","CFP first",NA,NA
"2A-peptide","CFP first",NA,NA
"2A-peptide","CFP first",NA,NA
"2A-peptide","CFP first",NA,NA
"2A-peptide","CFP first",NA,NA
"2A-peptide","CFP first",NA,NA
"2A-peptide","CFP first",NA,NA
"2A-peptide","CFP first",NA,NA
"2A-peptide","CFP first",NA,NA
"2A-peptide","CFP first",NA,NA
"2A-peptide","CFP first",NA,NA
"2A-peptide","CFP first",NA,NA
"2A-peptide","CFP first",NA,NA
"2A-peptide","CFP first",NA,NA
"2A-peptide","CFP first",NA,NA
"2A-peptide","CFP first",NA,NA
"2A-peptide","CFP first",NA,NA
"2A-peptide","CFP first",NA,NA
"2A-peptide","CFP first",NA,NA
"2A-peptide","CFP first",NA,NA
"2A-peptide","CFP first",NA,NA
"2A-peptide","CFP first",NA,NA
"2A-peptide","CFP first",NA,NA
"2A-peptide","CFP first",NA,NA
"2A-peptide","CFP first",NA,NA
"2A-peptide","CFP first",NA,NA
"2A-peptide","CFP first",NA,NA
"2A-peptide","CFP first",NA,NA
"2A-peptide","CFP first",NA,NA
"2A-peptide","CFP first",NA,NA
"2A-peptide","CFP first",NA,NA
"2A-peptide","CFP first",NA,NA
"2A-peptide","CFP first",NA,NA
"2A-peptide","CFP first",NA,NA
"2A-peptide","CFP first",NA,NA
"2A-peptide","CFP first",NA,NA
"2A-peptide","CFP first",NA,NA
"2A-peptide","CFP first",NA,NA
"2A-peptide","CFP first",NA,NA
"2A-peptide","CFP first",NA,NA
"2A-peptide","CFP first",NA,NA
"2A-peptide","CFP first",NA,NA
"2A-peptide","CFP first",NA,NA
"2A-peptide","CFP first",NA,NA
"2A-peptide","CFP first",NA,NA
"2A-peptide","CFP first",NA,NA
"2A-peptide","CFP first",NA,NA
"2A-peptide","CFP first",NA,NA
"2A-peptide","CFP first",NA,NA
"2A-peptide","CFP first",NA,NA
"2A-peptide","CFP first",NA,NA
"2A-peptide","CFP first",NA,NA
"2A-peptide","CFP first",NA,NA
"2A-peptide","CFP first",NA,NA
"2A-peptide","CFP first",NA,NA
"2A-peptide","CFP first",NA,NA
"2A-peptide","CFP first",NA,NA
"2A-peptide","CFP first",NA,NA
"2A-peptide","CFP first",NA,NA
"2A-peptide","CFP first",NA,NA
"2A-peptide","CFP first",NA,NA
"2A-peptide","CFP first",NA,NA
"2A-peptide","CFP first",NA,NA
"2A-peptide","CFP first",NA,NA
"2A-peptide","CFP first",NA,NA
"2A-peptide","CFP first",NA,NA
"2A-peptide","CFP first",NA,NA
"2A-peptide","YFP first",148.75,165.71
"2A-peptide","YFP first",166.32,192.1
"2A-peptide","YFP first",170.43,215.41
"2A-peptide","YFP first",191.14,225.23
"2A-peptide","YFP first",198.11,255.85
"2A-peptide","YFP first",213.19,230.92
"2A-peptide","YFP first",214.41,249
"2A-peptide","YFP first",216.98,278.69
"2A-peptide","YFP first",220.1,266.36
"2A-peptide","YFP first",223.87,273.58
"2A-peptide","YFP first",228.03,264.76
"2A-peptide","YFP first",238.54,277.14
"2A-peptide","YFP first",241.17,341.25
"2A-peptide","YFP first",241.69,320.64
"2A-peptide","YFP first",244.58,277.23
"2A-peptide","YFP first",250.96,373.55
"2A-peptide","YFP first",271.91,287.07
"2A-peptide","YFP first",273.95,309.45
"2A-peptide","YFP first",276.09,358.95
"2A-peptide","YFP first",276.79,233.71
"2A-peptide","YFP first",280.96,341.17
"2A-peptide","YFP first",281.08,333.73
"2A-peptide","YFP first",284.3,328.95
"2A-peptide","YFP first",285.69,328.53
"2A-peptide","YFP first",290.1,348.69
"2A-peptide","YFP first",297.79,364.48
"2A-peptide","YFP first",313,379.33
"2A-peptide","YFP first",313.61,339.54
"2A-peptide","YFP first",318.36,388.09
"2A-peptide","YFP first",324.24,367.87
"2A-peptide","YFP first",329.85,431.44
"2A-peptide","YFP first",333.12,382.54
"2A-peptide","YFP first",339.74,401.41
"2A-peptide","YFP first",340.29,388.05
"2A-peptide","YFP first",347.32,419.01
"2A-peptide","YFP first",349.62,375.51
"2A-peptide","YFP first",350.92,423.25
"2A-peptide","YFP first",353.76,424.92
"2A-peptide","YFP first",353.79,416.23
"2A-peptide","YFP first",353.8,400.6
"2A-peptide","YFP first",355.62,412.4
"2A-peptide","YFP first",355.67,420.45
"2A-peptide","YFP first",355.71,403.86
"2A-peptide","YFP first",355.77,358.38
"2A-peptide","YFP first",356.14,388.16
"2A-peptide","YFP first",363.87,410.18
"2A-peptide","YFP first",365.52,419.34
"2A-peptide","YFP first",369.98,427.4
"2A-peptide","YFP first",370.17,416.02
"2A-peptide","YFP first",373.48,320.3
"2A-peptide","YFP first",374.26,432.14
"2A-peptide","YFP first",375.46,419.94
"2A-peptide","YFP first",376.15,433.1
"2A-peptide","YFP first",382.44,439.87
"2A-peptide","YFP first",383.32,442.16
"2A-peptide","YFP first",384.2,417.56
"2A-peptide","YFP first",384.93,447.6
"2A-peptide","YFP first",385.41,439.34
"2A-peptide","YFP first",387.61,482.71
"2A-peptide","YFP first",395.62,450.85
"2A-peptide","YFP first",396.07,453.88
"2A-peptide","YFP first",398.43,487.91
"2A-peptide","YFP first",401.01,479.16
"2A-peptide","YFP first",403.04,506.05
"2A-peptide","YFP first",405.22,487.74
"2A-peptide","YFP first",409.57,508.97
"2A-peptide","YFP first",409.8,468.95
"2A-peptide","YFP first",410.48,466.86
"2A-peptide","YFP first",411.59,465.32
"2A-peptide","YFP first",413.23,454.54
"2A-peptide","YFP first",413.27,561.77
"2A-peptide","YFP first",413.83,474.08
"2A-peptide","YFP first",413.96,497.18
"2A-peptide","YFP first",428.81,482.04
"2A-peptide","YFP first",429.15,501.8
"2A-peptide","YFP first",429.79,490.75
"2A-peptide","YFP first",431.26,476.78
"2A-peptide","YFP first",431.61,463.95
"2A-peptide","YFP first",433.45,536.72
"2A-peptide","YFP first",438.72,431.53
"2A-peptide","YFP first",439.29,532.75
"2A-peptide","YFP first",440.14,484
"2A-peptide","YFP first",440.7,470.52
"2A-peptide","YFP first",441.92,507.01
"2A-peptide","YFP first",442.21,500.68
"2A-peptide","YFP first",444.2,510.45
"2A-peptide","YFP first",447.2,524.74
"2A-peptide","YFP first",447.64,580.09
"2A-peptide","YFP first",447.69,554.3
"2A-peptide","YFP first",450.65,589.19
"2A-peptide","YFP first",453.31,364.81
"2A-peptide","YFP first",454.37,554.45
"2A-peptide","YFP first",454.45,539.63
"2A-peptide","YFP first",454.64,516.88
"2A-peptide","YFP first",455.49,587.6
"2A-peptide","YFP first",457.16,556.92
"2A-peptide","YFP first",457.41,530.95
"2A-peptide","YFP first",458.18,515.97
"2A-peptide","YFP first",459.88,506.63
"2A-peptide","YFP first",460.01,470.79
"2A-peptide","YFP first",460.68,560.81
"2A-peptide","YFP first",466.08,542.47
"2A-peptide","YFP first",468.8,532.69
"2A-peptide","YFP first",469.32,539.25
"2A-peptide","YFP first",470.1,593.81
"2A-peptide","YFP first",471.83,569.94
"2A-peptide","YFP first",475.23,469.97
"2A-peptide","YFP first",476.56,578.26
"2A-peptide","YFP first",480.68,640.36
"2A-peptide","YFP first",482.31,686.28
"2A-peptide","YFP first",482.8,578.12
"2A-peptide","YFP first",483.05,581.58
"2A-peptide","YFP first",485.22,543.11
"2A-peptide","YFP first",486.66,582.74
"2A-peptide","YFP first",487.18,499.04
"2A-peptide","YFP first",487.96,383.31
"2A-peptide","YFP first",489.55,578.67
"2A-peptide","YFP first",490.17,535.15
"2A-peptide","YFP first",491.72,630.97
"2A-peptide","YFP first",493.49,600.55
"2A-peptide","YFP first",494.58,573.72
"2A-peptide","YFP first",496.44,613.56
"2A-peptide","YFP first",501.42,599.58
"2A-peptide","YFP first",503.04,539.23
"2A-peptide","YFP first",505.14,650.45
"2A-peptide","YFP first",506.56,595.82
"2A-peptide","YFP first",507.04,654.63
"2A-peptide","YFP first",507.67,667.11
"2A-peptide","YFP first",509.07,676.61
"2A-peptide","YFP first",509.32,615.61
"2A-peptide","YFP first",509.77,612.76
"2A-peptide","YFP first",510.24,603.1
"2A-peptide","YFP first",510.91,510.61
"2A-peptide","YFP first",511.33,526.76
"2A-peptide","YFP first",511.98,640.02
"2A-peptide","YFP first",514.42,612.63
"2A-peptide","YFP first",514.52,570.6
"2A-peptide","YFP first",516.34,569.86
"2A-peptide","YFP first",516.38,632.65
"2A-peptide","YFP first",518.2,449.68
"2A-peptide","YFP first",518.64,581.76
"2A-peptide","YFP first",519.65,617.69
"2A-peptide","YFP first",520.54,552.69
"2A-peptide","YFP first",521.18,633.75
"2A-peptide","YFP first",521.62,357.7
"2A-peptide","YFP first",522.02,668.87
"2A-peptide","YFP first",523.52,515.32
"2A-peptide","YFP first",523.7,652.46
"2A-peptide","YFP first",524.2,570.68
"2A-peptide","YFP first",524.83,686.86
"2A-peptide","YFP first",526.04,616.04
"2A-peptide","YFP first",526.36,684.59
"2A-peptide","YFP first",526.74,599.82
"2A-peptide","YFP first",529.02,623.41
"2A-peptide","YFP first",531.41,686.41
"2A-peptide","YFP first",531.67,700.31
"2A-peptide","YFP first",532.98,628.85
"2A-peptide","YFP first",534.29,590.33
"2A-peptide","YFP first",534.46,606.65
"2A-peptide","YFP first",534.77,629.68
"2A-peptide","YFP first",534.89,614.56
"2A-peptide","YFP first",537.45,604.97
"2A-peptide","YFP first",539.06,689.27
"2A-peptide","YFP first",539.76,616.78
"2A-peptide","YFP first",541.04,729.35
"2A-peptide","YFP first",542.81,636.27
"2A-peptide","YFP first",542.82,696.7
"2A-peptide","YFP first",544.08,681.38
"2A-peptide","YFP first",544.42,624.65
"2A-peptide","YFP first",545.93,564.26
"2A-peptide","YFP first",546.82,607.93
"2A-peptide","YFP first",549.12,627.21
"2A-peptide","YFP first",549.73,645.38
"2A-peptide","YFP first",550.68,716.3
"2A-peptide","YFP first",550.85,622.14
"2A-peptide","YFP first",551.1,674.72
"2A-peptide","YFP first",553.18,622.22
"2A-peptide","YFP first",554.64,644.78
"2A-peptide","YFP first",554.7,731.39
"2A-peptide","YFP first",555.47,572.09
"2A-peptide","YFP first",556.37,696.26
"2A-peptide","YFP first",557.25,571.53
"2A-peptide","YFP first",557.45,573.59
"2A-peptide","YFP first",557.76,756.27
"2A-peptide","YFP first",558.94,686.97
"2A-peptide","YFP first",561.54,719.9
"2A-peptide","YFP first",563.54,620.21
"2A-peptide","YFP first",563.74,675.48
"2A-peptide","YFP first",564.6,725.49
"2A-peptide","YFP first",564.68,613.11
"2A-peptide","YFP first",567.24,691.61
"2A-peptide","YFP first",568.08,703.59
"2A-peptide","YFP first",570.5,656.08
"2A-peptide","YFP first",571.45,645.36
"2A-peptide","YFP first",571.65,691.58
"2A-peptide","YFP first",572.35,753.68
"2A-peptide","YFP first",573.15,594.32
"2A-peptide","YFP first",573.21,654.83
"2A-peptide","YFP first",574.02,637.36
"2A-peptide","YFP first",574.27,814.66
"2A-peptide","YFP first",576.01,727.79
"2A-peptide","YFP first",576.68,645.58
"2A-peptide","YFP first",577.07,728.14
"2A-peptide","YFP first",579.33,392.64
"2A-peptide","YFP first",580.27,715.31
"2A-peptide","YFP first",582.04,481.58
"2A-peptide","YFP first",583.31,790.02
"2A-peptide","YFP first",585.62,803.63
"2A-peptide","YFP first",586.74,648.36
"2A-peptide","YFP first",587.67,659.97
"2A-peptide","YFP first",587.84,710.74
"2A-peptide","YFP first",588.02,839.19
"2A-peptide","YFP first",588.42,622.79
"2A-peptide","YFP first",588.43,716.63
"2A-peptide","YFP first",590.14,785.11
"2A-peptide","YFP first",593.22,772.6
"2A-peptide","YFP first",593.46,683.76
"2A-peptide","YFP first",594.72,697.94
"2A-peptide","YFP first",595.65,768.39
"2A-peptide","YFP first",598.66,738.07
"2A-peptide","YFP first",599.51,741.9
"2A-peptide","YFP first",600.24,869.13
"2A-peptide","YFP first",600.32,641.04
"2A-peptide","YFP first",602.18,715.35
"2A-peptide","YFP first",602.72,484.36
"2A-peptide","YFP first",604.08,756.38
"2A-peptide","YFP first",604.4,694.87
"2A-peptide","YFP first",608.11,694.56
"2A-peptide","YFP first",609.62,712.43
"2A-peptide","YFP first",609.64,771.45
"2A-peptide","YFP first",609.84,664.17
"2A-peptide","YFP first",610.42,692.35
"2A-peptide","YFP first",615.15,702.1
"2A-peptide","YFP first",617.65,705
"2A-peptide","YFP first",617.78,732.68
"2A-peptide","YFP first",619.71,677.08
"2A-peptide","YFP first",623.63,697.41
"2A-peptide","YFP first",625.64,839.49
"2A-peptide","YFP first",626.06,829.27
"2A-peptide","YFP first",626.96,779.96
"2A-peptide","YFP first",627.14,740.1
"2A-peptide","YFP first",627.97,729.9
"2A-peptide","YFP first",631.02,661.17
"2A-peptide","YFP first",631.02,763.23
"2A-peptide","YFP first",632.78,805.92
"2A-peptide","YFP first",632.95,736.84
"2A-peptide","YFP first",634.18,774.14
"2A-peptide","YFP first",637.2,711.79
"2A-peptide","YFP first",638.62,755.19
"2A-peptide","YFP first",642.1,782.87
"2A-peptide","YFP first",643.78,691.89
"2A-peptide","YFP first",645.26,803.49
"2A-peptide","YFP first",646.44,755.72
"2A-peptide","YFP first",647.72,382.15
"2A-peptide","YFP first",649,721.68
"2A-peptide","YFP first",651.37,823.44
"2A-peptide","YFP first",652.54,781.97
"2A-peptide","YFP first",654.88,712.12
"2A-peptide","YFP first",655.66,748.23
"2A-peptide","YFP first",655.72,832.11
"2A-peptide","YFP first",656.47,720.55
"2A-peptide","YFP first",657.31,791.15
"2A-peptide","YFP first",661.26,706.11
"2A-peptide","YFP first",661.63,795.72
"2A-peptide","YFP first",662.53,770
"2A-peptide","YFP first",662.69,705.07
"2A-peptide","YFP first",663.51,826.68
"2A-peptide","YFP first",664.37,803.91
"2A-peptide","YFP first",665.52,772.31
"2A-peptide","YFP first",666.3,778.5
"2A-peptide","YFP first",667.2,734.39
"2A-peptide","YFP first",670.17,784.5
"2A-peptide","YFP first",670.97,762.37
"2A-peptide","YFP first",672.44,768.19
"2A-peptide","YFP first",673.23,880.04
"2A-peptide","YFP first",675.08,823.22
"2A-peptide","YFP first",676.57,842.91
"2A-peptide","YFP first",677.79,828.84
"2A-peptide","YFP first",678.22,806.17
"2A-peptide","YFP first",679.07,909.73
"2A-peptide","YFP first",679.63,617.58
"2A-peptide","YFP first",680.27,695.61
"2A-peptide","YFP first",681,728.7
"2A-peptide","YFP first",683.12,774.19
"2A-peptide","YFP first",683.23,947.15
"2A-peptide","YFP first",683.9,863.6
"2A-peptide","YFP first",684.63,791.27
"2A-peptide","YFP first",685.27,843.68
"2A-peptide","YFP first",688.68,858.2
"2A-peptide","YFP first",692.68,773.19
"2A-peptide","YFP first",693.18,770.32
"2A-peptide","YFP first",694.27,913.07
"2A-peptide","YFP first",695.8,713.94
"2A-peptide","YFP first",696.31,917.61
"2A-peptide","YFP first",697.99,831.5
"2A-peptide","YFP first",698.69,901.41
"2A-peptide","YFP first",701.99,861.66
"2A-peptide","YFP first",702.19,899.8
"2A-peptide","YFP first",702.69,898.99
"2A-peptide","YFP first",705.63,825.17
"2A-peptide","YFP first",706.76,940.03
"2A-peptide","YFP first",707.26,845.94
"2A-peptide","YFP first",712.21,941.2
"2A-peptide","YFP first",712.39,763.87
"2A-peptide","YFP first",712.58,963.04
"2A-peptide","YFP first",715.56,880.16
"2A-peptide","YFP first",716.81,922.82
"2A-peptide","YFP first",717.73,833.44
"2A-peptide","YFP first",717.92,783.11
"2A-peptide","YFP first",717.96,845.04
"2A-peptide","YFP first",719.26,325.89
"2A-peptide","YFP first",720.88,791.28
"2A-peptide","YFP first",723.95,540.14
"2A-peptide","YFP first",724.75,859.48
"2A-peptide","YFP first",724.78,838.87
"2A-peptide","YFP first",726.44,894.29
"2A-peptide","YFP first",727.36,904.75
"2A-peptide","YFP first",729.43,804.07
"2A-peptide","YFP first",730.13,844.45
"2A-peptide","YFP first",731.35,945.57
"2A-peptide","YFP first",731.82,863.7
"2A-peptide","YFP first",733.61,913.9
"2A-peptide","YFP first",735.18,922.42
"2A-peptide","YFP first",735.2,825.74
"2A-peptide","YFP first",738.5,849.05
"2A-peptide","YFP first",739.29,779.2
"2A-peptide","YFP first",739.4,791.19
"2A-peptide","YFP first",740.23,766.97
"2A-peptide","YFP first",741.71,821.33
"2A-peptide","YFP first",741.87,909.38
"2A-peptide","YFP first",744.28,951.46
"2A-peptide","YFP first",745.12,817.89
"2A-peptide","YFP first",749.44,854.29
"2A-peptide","YFP first",753.33,886.96
"2A-peptide","YFP first",754.15,914.83
"2A-peptide","YFP first",755.43,972.19
"2A-peptide","YFP first",757.66,897.58
"2A-peptide","YFP first",758.94,957.31
"2A-peptide","YFP first",760.28,979.21
"2A-peptide","YFP first",760.35,726.91
"2A-peptide","YFP first",764.13,927.63
"2A-peptide","YFP first",765.5,930.66
"2A-peptide","YFP first",768.44,940.5
"2A-peptide","YFP first",770.01,970.67
"2A-peptide","YFP first",772.65,867.17
"2A-peptide","YFP first",776.22,891.08
"2A-peptide","YFP first",776.37,946.32
"2A-peptide","YFP first",776.91,1007.9
"2A-peptide","YFP first",778.81,941.48
"2A-peptide","YFP first",781.32,932.39
"2A-peptide","YFP first",781.65,960.17
"2A-peptide","YFP first",783.64,1094.7
"2A-peptide","YFP first",784.83,913.83
"2A-peptide","YFP first",790.09,913.26
"2A-peptide","YFP first",790.48,899.56
"2A-peptide","YFP first",792.42,857.34
"2A-peptide","YFP first",792.69,946.74
"2A-peptide","YFP first",792.74,904.07
"2A-peptide","YFP first",793.83,918.19
"2A-peptide","YFP first",799,1169.1
"2A-peptide","YFP first",799.51,848.61
"2A-peptide","YFP first",804.95,953.27
"2A-peptide","YFP first",811.96,975.34
"2A-peptide","YFP first",813.18,949.9
"2A-peptide","YFP first",814.37,1124.1
"2A-peptide","YFP first",815.09,1107.5
"2A-peptide","YFP first",816.68,987.77
"2A-peptide","YFP first",817.52,983.43
"2A-peptide","YFP first",819.09,1002.7
"2A-peptide","YFP first",823.3,908.87
"2A-peptide","YFP first",824.37,949.22
"2A-peptide","YFP first",824.48,1060.9
"2A-peptide","YFP first",828.38,968.68
"2A-peptide","YFP first",828.74,963.48
"2A-peptide","YFP first",829.23,1008.3
"2A-peptide","YFP first",830.09,1006.2
"2A-peptide","YFP first",831.69,1008.9
"2A-peptide","YFP first",836.39,942.17
"2A-peptide","YFP first",838.69,1006.1
"2A-peptide","YFP first",839.33,1090.2
"2A-peptide","YFP first",841.5,990.44
"2A-peptide","YFP first",842,971.19
"2A-peptide","YFP first",842.5,1122
"2A-peptide","YFP first",848.94,995.01
"2A-peptide","YFP first",849.89,1013.5
"2A-peptide","YFP first",850.45,956.63
"2A-peptide","YFP first",850.91,1124.6
"2A-peptide","YFP first",855.26,1223.8
"2A-peptide","YFP first",855.96,844.25
"2A-peptide","YFP first",857.12,1150.9
"2A-peptide","YFP first",857.27,1038.7
"2A-peptide","YFP first",857.94,1026.9
"2A-peptide","YFP first",862.3,960.49
"2A-peptide","YFP first",864.25,1004.5
"2A-peptide","YFP first",867.93,1055.7
"2A-peptide","YFP first",870.23,959.97
"2A-peptide","YFP first",870.69,1110.4
"2A-peptide","YFP first",871.11,1131
"2A-peptide","YFP first",871.32,1035
"2A-peptide","YFP first",877.62,1003.6
"2A-peptide","YFP first",878.43,927.54
"2A-peptide","YFP first",882.43,1033.8
"2A-peptide","YFP first",883.78,1006
"2A-peptide","YFP first",884.32,979.27
"2A-peptide","YFP first",884.71,1023.6
"2A-peptide","YFP first",886.56,1019.7
"2A-peptide","YFP first",889.38,1076
"2A-peptide","YFP first",890.27,1082.3
"2A-peptide","YFP first",890.62,1044.6
"2A-peptide","YFP first",890.99,1097.6
"2A-peptide","YFP first",893.48,1101.5
"2A-peptide","YFP first",893.54,1187.1
"2A-peptide","YFP first",897.08,1096.6
"2A-peptide","YFP first",900.91,1135.7
"2A-peptide","YFP first",902.69,906.07
"2A-peptide","YFP first",909.38,1061.7
"2A-peptide","YFP first",910.47,1165.8
"2A-peptide","YFP first",910.48,1012.1
"2A-peptide","YFP first",912.92,1038.9
"2A-peptide","YFP first",914.77,1021.7
"2A-peptide","YFP first",916.21,1289.4
"2A-peptide","YFP first",918.86,1109.3
"2A-peptide","YFP first",920.68,1075.8
"2A-peptide","YFP first",921.07,1071.1
"2A-peptide","YFP first",923.15,1151.2
"2A-peptide","YFP first",925.57,1112
"2A-peptide","YFP first",928.68,382.81
"2A-peptide","YFP first",933.58,1193.7
"2A-peptide","YFP first",937.5,1073.9
"2A-peptide","YFP first",937.93,1260.5
"2A-peptide","YFP first",941.16,1062.4
"2A-peptide","YFP first",945.06,1121.7
"2A-peptide","YFP first",945.06,1150
"2A-peptide","YFP first",948.51,1161.9
"2A-peptide","YFP first",950.99,1072.4
"2A-peptide","YFP first",951.13,1152.3
"2A-peptide","YFP first",952.97,1020.8
"2A-peptide","YFP first",953.06,1252.2
"2A-peptide","YFP first",955.78,1152.5
"2A-peptide","YFP first",958.29,1111.4
"2A-peptide","YFP first",959.44,1212.8
"2A-peptide","YFP first",960.33,1219.6
"2A-peptide","YFP first",962.79,1144.6
"2A-peptide","YFP first",966.9,1041.2
"2A-peptide","YFP first",967.31,1095.7
"2A-peptide","YFP first",969.92,1110.4
"2A-peptide","YFP first",974.85,1171
"2A-peptide","YFP first",976.13,964.87
"2A-peptide","YFP first",978.05,1184.3
"2A-peptide","YFP first",980.77,1260.7
"2A-peptide","YFP first",981,1212.6
"2A-peptide","YFP first",981.13,1201.1
"2A-peptide","YFP first",981.72,1210.3
"2A-peptide","YFP first",983.5,1307.3
"2A-peptide","YFP first",984.67,1013.9
"2A-peptide","YFP first",984.97,1197.9
"2A-peptide","YFP first",986.53,948.6
"2A-peptide","YFP first",989.45,1237.8
"2A-peptide","YFP first",989.96,1302.7
"2A-peptide","YFP first",992.18,1232.3
"2A-peptide","YFP first",995.88,1123
"2A-peptide","YFP first",996.3,1166.7
"2A-peptide","YFP first",997.04,1193.5
"2A-peptide","YFP first",997.06,1143.3
"2A-peptide","YFP first",997.85,1181.3
"2A-peptide","YFP first",997.98,1142
"2A-peptide","YFP first",998.03,1223.9
"2A-peptide","YFP first",1002.4,1162
"2A-peptide","YFP first",1004.3,1267.2
"2A-peptide","YFP first",1005.1,1251.3
"2A-peptide","YFP first",1005.5,1387.2
"2A-peptide","YFP first",1005.8,1167.1
"2A-peptide","YFP first",1009.9,1112.7
"2A-peptide","YFP first",1017.4,1098.1
"2A-peptide","YFP first",1017.5,1173.8
"2A-peptide","YFP first",1019.1,1232.5
"2A-peptide","YFP first",1021.2,1219.4
"2A-peptide","YFP first",1022.3,1276.3
"2A-peptide","YFP first",1022.7,1190.4
"2A-peptide","YFP first",1025.9,1096.9
"2A-peptide","YFP first",1026.7,1198.5
"2A-peptide","YFP first",1033.6,1323.3
"2A-peptide","YFP first",1034,1030.2
"2A-peptide","YFP first",1041.1,1445.1
"2A-peptide","YFP first",1042.9,1320.8
"2A-peptide","YFP first",1043.1,1138.5
"2A-peptide","YFP first",1043.3,1273.9
"2A-peptide","YFP first",1044.9,1357.6
"2A-peptide","YFP first",1046.6,1072.9
"2A-peptide","YFP first",1048.3,1169.1
"2A-peptide","YFP first",1052,1114.2
"2A-peptide","YFP first",1055.1,1254
"2A-peptide","YFP first",1055.2,1263.4
"2A-peptide","YFP first",1056.5,1413.7
"2A-peptide","YFP first",1058,1264.9
"2A-peptide","YFP first",1063.5,1224.9
"2A-peptide","YFP first",1064.4,1259.8
"2A-peptide","YFP first",1066.7,988.1
"2A-peptide","YFP first",1078.3,1270.9
"2A-peptide","YFP first",1079.7,1312.3
"2A-peptide","YFP first",1086.6,1206.5
"2A-peptide","YFP first",1087,1350.8
"2A-peptide","YFP first",1087.7,1261.1
"2A-peptide","YFP first",1088.2,1307.3
"2A-peptide","YFP first",1094.4,1326.2
"2A-peptide","YFP first",1094.7,1359.4
"2A-peptide","YFP first",1097,1342.5
"2A-peptide","YFP first",1099,1273.8
"2A-peptide","YFP first",1099.8,1257.4
"2A-peptide","YFP first",1101.3,1353.9
"2A-peptide","YFP first",1103.6,1167.8
"2A-peptide","YFP first",1103.7,1401.9
"2A-peptide","YFP first",1104.9,1367.1
"2A-peptide","YFP first",1107.1,1449.3
"2A-peptide","YFP first",1112.2,1380.2
"2A-peptide","YFP first",1121.9,1475.3
"2A-peptide","YFP first",1123.3,1487.6
"2A-peptide","YFP first",1125.1,1324.2
"2A-peptide","YFP first",1126.7,1001.6
"2A-peptide","YFP first",1127.4,1595.8
"2A-peptide","YFP first",1128.7,1412.7
"2A-peptide","YFP first",1129.2,1333.2
"2A-peptide","YFP first",1130,1372.1
"2A-peptide","YFP first",1130.2,1313.2
"2A-peptide","YFP first",1134.1,1687.8
"2A-peptide","YFP first",1141.5,1473.8
"2A-peptide","YFP first",1144.5,1224.3
"2A-peptide","YFP first",1146.3,1350.6
"2A-peptide","YFP first",1149.4,1480.2
"2A-peptide","YFP first",1151,1458.2
"2A-peptide","YFP first",1153.8,1331.5
"2A-peptide","YFP first",1156.9,1235.8
"2A-peptide","YFP first",1162.5,1297.1
"2A-peptide","YFP first",1163.5,1376.4
"2A-peptide","YFP first",1167.2,1508.7
"2A-peptide","YFP first",1167.2,1299.8
"2A-peptide","YFP first",1167.2,1240.2
"2A-peptide","YFP first",1167.5,1377.9
"2A-peptide","YFP first",1169.2,1335.6
"2A-peptide","YFP first",1170.1,1172.7
"2A-peptide","YFP first",1170.8,1343.2
"2A-peptide","YFP first",1173.5,1384.7
"2A-peptide","YFP first",1174.9,1519
"2A-peptide","YFP first",1179.1,1505.6
"2A-peptide","YFP first",1181.2,1410.2
"2A-peptide","YFP first",1181.6,1355.8
"2A-peptide","YFP first",1182.7,1492.1
"2A-peptide","YFP first",1183.5,1437.3
"2A-peptide","YFP first",1185.1,1451.5
"2A-peptide","YFP first",1187.7,1319.7
"2A-peptide","YFP first",1192.1,1416.7
"2A-peptide","YFP first",1198.8,1272.9
"2A-peptide","YFP first",1199.6,1113.8
"2A-peptide","YFP first",1206.3,1457.2
"2A-peptide","YFP first",1208.8,1364.9
"2A-peptide","YFP first",1212.8,1424.7
"2A-peptide","YFP first",1214.5,1371.2
"2A-peptide","YFP first",1216.6,1394
"2A-peptide","YFP first",1220.3,1411.6
"2A-peptide","YFP first",1220.6,1645.7
"2A-peptide","YFP first",1224.1,1419.7
"2A-peptide","YFP first",1228.5,1678
"2A-peptide","YFP first",1231.1,1441.1
"2A-peptide","YFP first",1233.7,1586.3
"2A-peptide","YFP first",1236.9,1394
"2A-peptide","YFP first",1240.3,1580
"2A-peptide","YFP first",1248.1,1309.6
"2A-peptide","YFP first",1250.6,1440.3
"2A-peptide","YFP first",1250.9,1427.2
"2A-peptide","YFP first",1251.1,1435.8
"2A-peptide","YFP first",1257.4,1454.7
"2A-peptide","YFP first",1258.2,1461.5
"2A-peptide","YFP first",1259.2,1496.5
"2A-peptide","YFP first",1263.3,1295.7
"2A-peptide","YFP first",1265,1489
"2A-peptide","YFP first",1268.6,1408.1
"2A-peptide","YFP first",1269.1,1527.2
"2A-peptide","YFP first",1274.7,1788.8
"2A-peptide","YFP first",1277.4,1541.4
"2A-peptide","YFP first",1278,1490.8
"2A-peptide","YFP first",1280.7,1554.7
"2A-peptide","YFP first",1282.9,1416.5
"2A-peptide","YFP first",1284.4,1563.5
"2A-peptide","YFP first",1285.8,1540.2
"2A-peptide","YFP first",1287.7,1475.1
"2A-peptide","YFP first",1289.5,1151.8
"2A-peptide","YFP first",1290.9,1426.8
"2A-peptide","YFP first",1291.7,1543.3
"2A-peptide","YFP first",1295.5,1446.6
"2A-peptide","YFP first",1297.1,1517.7
"2A-peptide","YFP first",1300.8,1614.5
"2A-peptide","YFP first",1301.7,1473.4
"2A-peptide","YFP first",1303.4,1567.1
"2A-peptide","YFP first",1303.9,1416.8
"2A-peptide","YFP first",1309.9,1676.4
"2A-peptide","YFP first",1311.8,1505.2
"2A-peptide","YFP first",1318.8,1284.4
"2A-peptide","YFP first",1325,1518.6
"2A-peptide","YFP first",1326.6,1557
"2A-peptide","YFP first",1332.8,1715.1
"2A-peptide","YFP first",1337.4,1513
"2A-peptide","YFP first",1341.6,1712.7
"2A-peptide","YFP first",1345.1,1432.9
"2A-peptide","YFP first",1345.5,1610.3
"2A-peptide","YFP first",1349.4,1528.3
"2A-peptide","YFP first",1352.8,1632.8
"2A-peptide","YFP first",1354.1,1621.7
"2A-peptide","YFP first",1355.4,1852.6
"2A-peptide","YFP first",1357.7,1376.5
"2A-peptide","YFP first",1366.4,1461.8
"2A-peptide","YFP first",1366.6,1591.5
"2A-peptide","YFP first",1366.7,1600.9
"2A-peptide","YFP first",1367.8,1396.8
"2A-peptide","YFP first",1375.1,1704.1
"2A-peptide","YFP first",1375.6,1627
"2A-peptide","YFP first",1376.1,1566.6
"2A-peptide","YFP first",1383.2,1422.3
"2A-peptide","YFP first",1383.4,1626.2
"2A-peptide","YFP first",1388.8,1649.7
"2A-peptide","YFP first",1391.4,1738.6
"2A-peptide","YFP first",1393.5,1676
"2A-peptide","YFP first",1398.3,1668.7
"2A-peptide","YFP first",1400.3,1704.4
"2A-peptide","YFP first",1402.4,1906.1
"2A-peptide","YFP first",1403.8,1548.9
"2A-peptide","YFP first",1404.3,1421.3
"2A-peptide","YFP first",1405.3,1380.9
"2A-peptide","YFP first",1405.4,1637.4
"2A-peptide","YFP first",1405.4,1919.7
"2A-peptide","YFP first",1406.3,1571.9
"2A-peptide","YFP first",1407.6,1848.4
"2A-peptide","YFP first",1408.1,1682.5
"2A-peptide","YFP first",1411.5,1676
"2A-peptide","YFP first",1411.9,1452.5
"2A-peptide","YFP first",1412.6,1698.8
"2A-peptide","YFP first",1414.2,1696.3
"2A-peptide","YFP first",1416.9,1886.6
"2A-peptide","YFP first",1417,1676.3
"2A-peptide","YFP first",1418.3,1733.5
"2A-peptide","YFP first",1418.6,1583.6
"2A-peptide","YFP first",1420.6,1660.8
"2A-peptide","YFP first",1424.6,1763
"2A-peptide","YFP first",1428.4,1566.9
"2A-peptide","YFP first",1430.6,1611.6
"2A-peptide","YFP first",1436.6,1702.3
"2A-peptide","YFP first",1448.8,1661
"2A-peptide","YFP first",1451,1724.7
"2A-peptide","YFP first",1451.6,1607.1
"2A-peptide","YFP first",1452.2,1680.9
"2A-peptide","YFP first",1452.6,1752.1
"2A-peptide","YFP first",1454,1619.5
"2A-peptide","YFP first",1455.7,1877.2
"2A-peptide","YFP first",1456.3,1686.8
"2A-peptide","YFP first",1457.6,1616
"2A-peptide","YFP first",1463.3,1353.7
"2A-peptide","YFP first",1465,1654.9
"2A-peptide","YFP first",1471.9,1957.2
"2A-peptide","YFP first",1473.4,1657.3
"2A-peptide","YFP first",1475.2,1783
"2A-peptide","YFP first",1475.2,1814.4
"2A-peptide","YFP first",1478.1,1870
"2A-peptide","YFP first",1478.4,1801.5
"2A-peptide","YFP first",1479,1518.6
"2A-peptide","YFP first",1480,1635.7
"2A-peptide","YFP first",1480.1,1689.2
"2A-peptide","YFP first",1492.1,1916.3
"2A-peptide","YFP first",1498,1702
"2A-peptide","YFP first",1509.3,1808.2
"2A-peptide","YFP first",1511.3,1751.4
"2A-peptide","YFP first",1517.6,1852.9
"2A-peptide","YFP first",1526.6,1751.6
"2A-peptide","YFP first",1527.3,1879.8
"2A-peptide","YFP first",1528.3,1870
"2A-peptide","YFP first",1528.8,1917.1
"2A-peptide","YFP first",1532.9,1457.5
"2A-peptide","YFP first",1533.2,1929.2
"2A-peptide","YFP first",1533.2,1805.4
"2A-peptide","YFP first",1537.8,1715.3
"2A-peptide","YFP first",1541.2,2032.7
"2A-peptide","YFP first",1543.8,1894.1
"2A-peptide","YFP first",1544.6,1720.4
"2A-peptide","YFP first",1548.9,1781
"2A-peptide","YFP first",1553.9,1913.4
"2A-peptide","YFP first",1556.4,2009.9
"2A-peptide","YFP first",1558.5,1823.4
"2A-peptide","YFP first",1559,1684.1
"2A-peptide","YFP first",1560.7,1592.3
"2A-peptide","YFP first",1564.3,1649.6
"2A-peptide","YFP first",1566.7,1943.1
"2A-peptide","YFP first",1566.8,1896.8
"2A-peptide","YFP first",1567.1,1977.5
"2A-peptide","YFP first",1571.8,2074.2
"2A-peptide","YFP first",1573.4,1966.7
"2A-peptide","YFP first",1576.6,1899.2
"2A-peptide","YFP first",1580.2,1790.6
"2A-peptide","YFP first",1582.4,1801.6
"2A-peptide","YFP first",1583.8,2067.6
"2A-peptide","YFP first",1587.1,1739
"2A-peptide","YFP first",1591.5,1893.9
"2A-peptide","YFP first",1600.4,1737.9
"2A-peptide","YFP first",1603.9,1800
"2A-peptide","YFP first",1604.4,1818.4
"2A-peptide","YFP first",1606.4,1940.8
"2A-peptide","YFP first",1612.4,1902
"2A-peptide","YFP first",1613.4,1900.9
"2A-peptide","YFP first",1616.8,1514.1
"2A-peptide","YFP first",1619.2,1839.8
"2A-peptide","YFP first",1620.8,1863.8
"2A-peptide","YFP first",1622,2097.8
"2A-peptide","YFP first",1622.7,1854.5
"2A-peptide","YFP first",1629.6,2035
"2A-peptide","YFP first",1635,1917.9
"2A-peptide","YFP first",1649.6,1898.6
"2A-peptide","YFP first",1650.3,1589.2
"2A-peptide","YFP first",1650.4,1697.4
"2A-peptide","YFP first",1653.4,1587.7
"2A-peptide","YFP first",1653.8,2112.4
"2A-peptide","YFP first",1654.2,2150.2
"2A-peptide","YFP first",1654.8,1941.5
"2A-peptide","YFP first",1661.2,2104.5
"2A-peptide","YFP first",1662.1,2200.3
"2A-peptide","YFP first",1665,1956
"2A-peptide","YFP first",1670.4,2293.8
"2A-peptide","YFP first",1679,1947.6
"2A-peptide","YFP first",1689.7,2051.4
"2A-peptide","YFP first",1690.2,1951.1
"2A-peptide","YFP first",1690.9,2128.3
"2A-peptide","YFP first",1691.9,1946.5
"2A-peptide","YFP first",1692.5,2041.9
"2A-peptide","YFP first",1693.7,2079.5
"2A-peptide","YFP first",1693.8,1633.7
"2A-peptide","YFP first",1698.2,2064.8
"2A-peptide","YFP first",1702.5,2039.3
"2A-peptide","YFP first",1705.4,2000.7
"2A-peptide","YFP first",1706.9,1854.2
"2A-peptide","YFP first",1708.5,2156
"2A-peptide","YFP first",1709.9,2071.1
"2A-peptide","YFP first",1713.7,2176
"2A-peptide","YFP first",1717.5,1878.9
"2A-peptide","YFP first",1718.8,2291.6
"2A-peptide","YFP first",1723.9,2128.5
"2A-peptide","YFP first",1726.2,1924.7
"2A-peptide","YFP first",1731,1965
"2A-peptide","YFP first",1731.4,1864.2
"2A-peptide","YFP first",1732.8,1955.8
"2A-peptide","YFP first",1745.7,2059.8
"2A-peptide","YFP first",1747.2,2122.2
"2A-peptide","YFP first",1766.8,2196.2
"2A-peptide","YFP first",1778.4,2329.4
"2A-peptide","YFP first",1783.5,1497.6
"2A-peptide","YFP first",1811.3,2261.2
"2A-peptide","YFP first",1817.9,2197.5
"2A-peptide","YFP first",1819.8,2304.2
"2A-peptide","YFP first",1827.1,2280
"2A-peptide","YFP first",1832.8,2366.7
"2A-peptide","YFP first",1852.7,2196.1
"2A-peptide","YFP first",1868.6,2229.4
"2A-peptide","YFP first",1872,2191.2
"2A-peptide","YFP first",1872.2,2277.5
"2A-peptide","YFP first",1874.5,2046.9
"2A-peptide","YFP first",1896.6,2263.3
"2A-peptide","YFP first",1896.9,2278.6
"2A-peptide","YFP first",1899.1,2373.9
"2A-peptide","YFP first",1902.5,2121.8
"2A-peptide","YFP first",1904.3,2358.5
"2A-peptide","YFP first",1905.1,2247.9
"2A-peptide","YFP first",1917.8,1660.2
"2A-peptide","YFP first",1920.1,2269
"2A-peptide","YFP first",1926,2039.3
"2A-peptide","YFP first",1932.9,2228.9
"2A-peptide","YFP first",1944.1,2591.9
"2A-peptide","YFP first",1951.5,2214.6
"2A-peptide","YFP first",1972,2361
"2A-peptide","YFP first",1977.9,2206.8
"2A-peptide","YFP first",1979.5,2331.3
"2A-peptide","YFP first",1991.3,2573.6
"2A-peptide","YFP first",1996,2188.5
"2A-peptide","YFP first",2026.6,2444.4
"2A-peptide","YFP first",2029.6,1762.1
"2A-peptide","YFP first",2032.3,2334.4
"2A-peptide","YFP first",2051.5,2496.7
"2A-peptide","YFP first",2077.8,2709.4
"2A-peptide","YFP first",2095.7,2442
"2A-peptide","YFP first",2115.9,2791.6
"2A-peptide","YFP first",2117.3,2350.9
"2A-peptide","YFP first",2122.5,2497.2
"2A-peptide","YFP first",2124.3,2444
"2A-peptide","YFP first",2143.3,2474.2
"2A-peptide","YFP first",2146.9,2664.5
"2A-peptide","YFP first",2148.6,2336.4
"2A-peptide","YFP first",2156,1918
"2A-peptide","YFP first",2163.5,2808.9
"2A-peptide","YFP first",2164.9,2454.5
"2A-peptide","YFP first",2175.7,2761.6
"2A-peptide","YFP first",2176.9,2457.9
"2A-peptide","YFP first",2179.5,2671.7
"2A-peptide","YFP first",2185.9,2337.8
"2A-peptide","YFP first",2205,2476.1
"2A-peptide","YFP first",2208.3,3033
"2A-peptide","YFP first",2220.9,2562.9
"2A-peptide","YFP first",2223.6,2062.7
"2A-peptide","YFP first",2245.6,2476.2
"2A-peptide","YFP first",2264,2706.9
"2A-peptide","YFP first",2272.8,2422.8
"2A-peptide","YFP first",2296,2521.7
"2A-peptide","YFP first",2303.6,2709.5
"2A-peptide","YFP first",2303.6,2810
"2A-peptide","YFP first",2315.7,2677.8
"2A-peptide","YFP first",2335,2939.5
"2A-peptide","YFP first",2338.4,2859.6
"2A-peptide","YFP first",2342.9,2841.6
"2A-peptide","YFP first",2344.5,3252
"2A-peptide","YFP first",2353.7,2711.4
"2A-peptide","YFP first",2363.5,2635.7
"2A-peptide","YFP first",2366.8,2643.1
"2A-peptide","YFP first",2369.9,2374.5
"2A-peptide","YFP first",2380.5,2204.1
"2A-peptide","YFP first",2400.1,2854.2
"2A-peptide","YFP first",2417.8,2674.2
"2A-peptide","YFP first",2428.8,2903.1
"2A-peptide","YFP first",2454.8,2872.4
"2A-peptide","YFP first",2469.9,3153.4
"2A-peptide","YFP first",2475.9,3020.1
"2A-peptide","YFP first",2549.9,3318.5
"2A-peptide","YFP first",2554,3220.5
"2A-peptide","YFP first",2555.3,2907.5
"2A-peptide","YFP first",2572.3,3233.8
"2A-peptide","YFP first",2606.4,2968.4
"2A-peptide","YFP first",2612.8,3503
"2A-peptide","YFP first",2637,3048.2
"2A-peptide","YFP first",2694.8,2396.7
"2A-peptide","YFP first",2699.2,3135.6
"2A-peptide","YFP first",2741,3460.2
"2A-peptide","YFP first",2950.6,3218.4
"2A-peptide","YFP first",3017.4,3648.4
"2A-peptide","YFP first",3089.4,3617.7
"2A-peptide","YFP first",3096.3,3551.6
"2A-peptide","YFP first",3524.3,3967.5
"2A-peptide","YFP first",3740.7,4130.1
"2A-peptide","YFP first",4174.9,4904.7
" IRES","YFP first",290.32,122.01
" IRES","YFP first",362.47,151.95
" IRES","YFP first",395.74,159.96
" IRES","YFP first",420.21,194.17
" IRES","YFP first",476.79,161.08
" IRES","YFP first",495.7,225.22
" IRES","YFP first",512.23,96.546
" IRES","YFP first",524.08,194.05
" IRES","YFP first",529.53,187.97
" IRES","YFP first",539.36,177.42
" IRES","YFP first",549.6,201.6
" IRES","YFP first",582.75,166.86
" IRES","YFP first",588.25,209.92
" IRES","YFP first",606.11,300.11
" IRES","YFP first",620.08,264.41
" IRES","YFP first",656.96,217.33
" IRES","YFP first",657.94,309.96
" IRES","YFP first",663.46,188.31
" IRES","YFP first",667.18,221.75
" IRES","YFP first",673.15,207.07
" IRES","YFP first",683.14,279.71
" IRES","YFP first",684.26,296.99
" IRES","YFP first",686.13,212.02
" IRES","YFP first",696.37,294.66
" IRES","YFP first",704.52,310.91
" IRES","YFP first",705.97,250
" IRES","YFP first",708.01,169.21
" IRES","YFP first",717.76,312.4
" IRES","YFP first",721.36,363.58
" IRES","YFP first",723.69,208.81
" IRES","YFP first",725.78,256.55
" IRES","YFP first",732.78,347.18
" IRES","YFP first",737.27,306.74
" IRES","YFP first",739.26,293.7
" IRES","YFP first",743.87,268.49
" IRES","YFP first",755.54,349.34
" IRES","YFP first",756.53,278.35
" IRES","YFP first",761.91,297.83
" IRES","YFP first",772.08,275.36
" IRES","YFP first",773.05,402.57
" IRES","YFP first",780.82,156.39
" IRES","YFP first",790.93,296.19
" IRES","YFP first",792.3,287.06
" IRES","YFP first",792.92,347.19
" IRES","YFP first",800.09,295.9
" IRES","YFP first",806.12,265.96
" IRES","YFP first",807.85,239.02
" IRES","YFP first",808.93,200.77
" IRES","YFP first",811.9,252.42
" IRES","YFP first",817.26,365.61
" IRES","YFP first",818.4,263.95
" IRES","YFP first",829.03,273.18
" IRES","YFP first",830.46,343.65
" IRES","YFP first",831.89,348.98
" IRES","YFP first",847.28,354.93
" IRES","YFP first",849.56,351.41
" IRES","YFP first",875.14,308.84
" IRES","YFP first",879.99,413.06
" IRES","YFP first",881.16,337.22
" IRES","YFP first",882.87,261.13
" IRES","YFP first",885.47,371.91
" IRES","YFP first",889.04,427.81
" IRES","YFP first",900,429.86
" IRES","YFP first",901.73,272.18
" IRES","YFP first",904.81,453.09
" IRES","YFP first",906.48,398.33
" IRES","YFP first",909.17,331.11
" IRES","YFP first",911.05,395.8
" IRES","YFP first",912.62,395.73
" IRES","YFP first",916.97,408.92
" IRES","YFP first",919.54,272.87
" IRES","YFP first",924.17,315.89
" IRES","YFP first",926.31,461.61
" IRES","YFP first",927.62,447.9
" IRES","YFP first",933.23,414.35
" IRES","YFP first",934.52,229.93
" IRES","YFP first",938.42,350.02
" IRES","YFP first",948.95,378.98
" IRES","YFP first",949.29,355.35
" IRES","YFP first",950.57,287.24
" IRES","YFP first",958.54,324.53
" IRES","YFP first",959.63,341.52
" IRES","YFP first",961.47,301.03
" IRES","YFP first",963.23,366.58
" IRES","YFP first",964.15,220.04
" IRES","YFP first",974.06,451.82
" IRES","YFP first",981,292.17
" IRES","YFP first",994.63,278.78
" IRES","YFP first",995.7,318.07
" IRES","YFP first",1006.6,233.01
" IRES","YFP first",1007.1,356.36
" IRES","YFP first",1011.1,282.72
" IRES","YFP first",1016.7,533.69
" IRES","YFP first",1020.7,469.73
" IRES","YFP first",1047.4,411.5
" IRES","YFP first",1047.8,526.98
" IRES","YFP first",1050.2,496.08
" IRES","YFP first",1053,500.78
" IRES","YFP first",1054.3,254.35
" IRES","YFP first",1054.3,448.94
" IRES","YFP first",1057.6,526
" IRES","YFP first",1065,450.76
" IRES","YFP first",1073.4,413.55
" IRES","YFP first",1074.2,418.1
" IRES","YFP first",1076.1,370.1
" IRES","YFP first",1088.4,218.3
" IRES","YFP first",1091.1,417.93
" IRES","YFP first",1091.2,447.12
" IRES","YFP first",1096.3,487.62
" IRES","YFP first",1098.8,500.9
" IRES","YFP first",1101.3,508.58
" IRES","YFP first",1102.8,520.86
" IRES","YFP first",1107.1,469.97
" IRES","YFP first",1108.7,486.01
" IRES","YFP first",1122.4,317.73
" IRES","YFP first",1128.2,415.18
" IRES","YFP first",1128.5,573.11
" IRES","YFP first",1129.3,449.99
" IRES","YFP first",1138.2,476.66
" IRES","YFP first",1167.9,568.46
" IRES","YFP first",1171.2,451.01
" IRES","YFP first",1172.4,406.99
" IRES","YFP first",1178.1,332.07
" IRES","YFP first",1183.7,518.88
" IRES","YFP first",1189.8,517.9
" IRES","YFP first",1189.8,542.16
" IRES","YFP first",1195.2,544.28
" IRES","YFP first",1206.7,517.89
" IRES","YFP first",1208.5,509.83
" IRES","YFP first",1208.8,650.99
" IRES","YFP first",1209.4,475.79
" IRES","YFP first",1215.8,431.4
" IRES","YFP first",1216.1,512.59
" IRES","YFP first",1217.1,504.18
" IRES","YFP first",1217.5,293.1
" IRES","YFP first",1218.2,542.86
" IRES","YFP first",1218.3,592.72
" IRES","YFP first",1218.5,528.38
" IRES","YFP first",1218.7,414.65
" IRES","YFP first",1219.1,614.52
" IRES","YFP first",1221.1,487.95
" IRES","YFP first",1223.1,509.73
" IRES","YFP first",1232.2,477.18
" IRES","YFP first",1235.3,673.12
" IRES","YFP first",1235.8,502.95
" IRES","YFP first",1239.1,530.21
" IRES","YFP first",1239.4,564.64
" IRES","YFP first",1253.1,362.67
" IRES","YFP first",1253.2,575.57
" IRES","YFP first",1257,440.99
" IRES","YFP first",1259.3,798.3
" IRES","YFP first",1261.6,524.58
" IRES","YFP first",1269.1,580.65
" IRES","YFP first",1273.3,479.16
" IRES","YFP first",1274.7,532.65
" IRES","YFP first",1282.9,445.47
" IRES","YFP first",1289.1,502.68
" IRES","YFP first",1291.4,367
" IRES","YFP first",1291.7,632.14
" IRES","YFP first",1293.5,598.3
" IRES","YFP first",1294.5,619.13
" IRES","YFP first",1300,574.19
" IRES","YFP first",1302.2,503.29
" IRES","YFP first",1313.3,501.78
" IRES","YFP first",1317,494.13
" IRES","YFP first",1318.1,335.47
" IRES","YFP first",1318.9,508.77
" IRES","YFP first",1324,528.17
" IRES","YFP first",1334.9,485.05
" IRES","YFP first",1340.4,576.89
" IRES","YFP first",1343.5,582.96
" IRES","YFP first",1350.9,478.97
" IRES","YFP first",1355.6,587.12
" IRES","YFP first",1365.1,595.54
" IRES","YFP first",1365.4,519.04
" IRES","YFP first",1371.3,583.66
" IRES","YFP first",1371.8,501.67
" IRES","YFP first",1381.5,368.38
" IRES","YFP first",1382.2,499.98
" IRES","YFP first",1387.8,534.09
" IRES","YFP first",1390.5,687.18
" IRES","YFP first",1394.8,442.77
" IRES","YFP first",1396.9,557.73
" IRES","YFP first",1404,355.21
" IRES","YFP first",1414.7,485.82
" IRES","YFP first",1417.9,576.4
" IRES","YFP first",1428.4,571.81
" IRES","YFP first",1444.5,417.28
" IRES","YFP first",1448.8,682.74
" IRES","YFP first",1452.3,455.5
" IRES","YFP first",1457,735.17
" IRES","YFP first",1467.3,649.56
" IRES","YFP first",1467.8,600.64
" IRES","YFP first",1468.5,674.67
" IRES","YFP first",1470.5,577.74
" IRES","YFP first",1471.2,531.35
" IRES","YFP first",1472,541.84
" IRES","YFP first",1473.8,614.96
" IRES","YFP first",1475.7,566.22
" IRES","YFP first",1478.7,523.22
" IRES","YFP first",1478.8,568.29
" IRES","YFP first",1480.1,553.02
" IRES","YFP first",1488.7,671.52
" IRES","YFP first",1496,647.02
" IRES","YFP first",1498.5,609.48
" IRES","YFP first",1511.5,608.45
" IRES","YFP first",1519.6,671.27
" IRES","YFP first",1520.3,574.2
" IRES","YFP first",1521.7,617.02
" IRES","YFP first",1522,660.67
" IRES","YFP first",1531.9,517.25
" IRES","YFP first",1539.7,764.61
" IRES","YFP first",1540,866.62
" IRES","YFP first",1543.1,736.53
" IRES","YFP first",1547.6,628.43
" IRES","YFP first",1548.2,624.33
" IRES","YFP first",1549.8,665.65
" IRES","YFP first",1549.9,579.54
" IRES","YFP first",1554.2,660.94
" IRES","YFP first",1555.8,565.51
" IRES","YFP first",1561,691.97
" IRES","YFP first",1571.3,689.4
" IRES","YFP first",1572.6,556.85
" IRES","YFP first",1580.1,780.87
" IRES","YFP first",1582.6,619.88
" IRES","YFP first",1604.1,348.66
" IRES","YFP first",1607.9,768.21
" IRES","YFP first",1627.6,600.66
" IRES","YFP first",1628.7,700.02
" IRES","YFP first",1629.8,539.47
" IRES","YFP first",1632.4,641.29
" IRES","YFP first",1632.9,776.78
" IRES","YFP first",1637.2,613.42
" IRES","YFP first",1643.5,647
" IRES","YFP first",1645.2,630.24
" IRES","YFP first",1652.7,752.47
" IRES","YFP first",1653,411.11
" IRES","YFP first",1667.7,655.23
" IRES","YFP first",1670.7,547.53
" IRES","YFP first",1674.8,618.82
" IRES","YFP first",1675.2,576.05
" IRES","YFP first",1677.9,716.81
" IRES","YFP first",1678.7,625.2
" IRES","YFP first",1691.1,622.45
" IRES","YFP first",1703,709.66
" IRES","YFP first",1712.2,838.67
" IRES","YFP first",1712.6,731.57
" IRES","YFP first",1718.8,809.91
" IRES","YFP first",1724.8,762.71
" IRES","YFP first",1726,721.93
" IRES","YFP first",1729.9,412.69
" IRES","YFP first",1730.6,786.07
" IRES","YFP first",1731.5,575.47
" IRES","YFP first",1740.6,758.04
" IRES","YFP first",1745.4,798.15
" IRES","YFP first",1753.1,803.14
" IRES","YFP first",1763.6,657.82
" IRES","YFP first",1770.6,540.33
" IRES","YFP first",1773.8,713.9
" IRES","YFP first",1779.1,596.75
" IRES","YFP first",1781.6,988.87
" IRES","YFP first",1787.4,692.29
" IRES","YFP first",1800.1,763.47
" IRES","YFP first",1815.9,648.53
" IRES","YFP first",1816.5,667.78
" IRES","YFP first",1826.4,711.8
" IRES","YFP first",1828.7,774.11
" IRES","YFP first",1830.6,680.41
" IRES","YFP first",1835,796.01
" IRES","YFP first",1842.5,383.36
" IRES","YFP first",1853.2,840.05
" IRES","YFP first",1853.7,727.67
" IRES","YFP first",1855.6,696.9
" IRES","YFP first",1862,945.03
" IRES","YFP first",1867.6,932.94
" IRES","YFP first",1867.8,726.07
" IRES","YFP first",1881.1,497.04
" IRES","YFP first",1883.4,814.51
" IRES","YFP first",1893,549.14
" IRES","YFP first",1893.7,873.16
" IRES","YFP first",1895.3,746.8
" IRES","YFP first",1896.6,814.98
" IRES","YFP first",1897.2,898.07
" IRES","YFP first",1909.2,911.39
" IRES","YFP first",1909.9,725.2
" IRES","YFP first",1913.1,867.01
" IRES","YFP first",1913.9,584.48
" IRES","YFP first",1915.4,922.88
" IRES","YFP first",1922.1,912.35
" IRES","YFP first",1932.1,762.14
" IRES","YFP first",1933.7,542.95
" IRES","YFP first",1934.9,890.03
" IRES","YFP first",1935.2,731.75
" IRES","YFP first",1937,371.14
" IRES","YFP first",1948.2,490.29
" IRES","YFP first",1962.8,925.3
" IRES","YFP first",1964.1,733.25
" IRES","YFP first",1970.2,863.15
" IRES","YFP first",1971.8,707.64
" IRES","YFP first",1989.1,703.7
" IRES","YFP first",1993.4,451.8
" IRES","YFP first",1997.6,516.41
" IRES","YFP first",2001.6,898.2
" IRES","YFP first",2009.8,960.45
" IRES","YFP first",2019.5,630.01
" IRES","YFP first",2021.8,729.47
" IRES","YFP first",2040.4,984.01
" IRES","YFP first",2050.6,750.98
" IRES","YFP first",2050.8,844.7
" IRES","YFP first",2051.2,765.12
" IRES","YFP first",2060.9,828.84
" IRES","YFP first",2067.1,848.16
" IRES","YFP first",2077.6,743.06
" IRES","YFP first",2085.4,715.84
" IRES","YFP first",2087.2,533.16
" IRES","YFP first",2099.6,855.05
" IRES","YFP first",2103.8,849.7
" IRES","YFP first",2105.5,790.26
" IRES","YFP first",2112,854.85
" IRES","YFP first",2116.4,807
" IRES","YFP first",2117.4,742.68
" IRES","YFP first",2119.8,1207.7
" IRES","YFP first",2127.7,922.62
" IRES","YFP first",2139.2,766.86
" IRES","YFP first",2144.5,579.9
" IRES","YFP first",2145.2,1058.4
" IRES","YFP first",2156,667.57
" IRES","YFP first",2164,828.46
" IRES","YFP first",2165.1,912.37
" IRES","YFP first",2167.3,1089.1
" IRES","YFP first",2180.5,769.5
" IRES","YFP first",2181.3,1553.5
" IRES","YFP first",2184.4,898.12
" IRES","YFP first",2186.7,1573.7
" IRES","YFP first",2193.3,844.89
" IRES","YFP first",2194.4,1026.8
" IRES","YFP first",2197.6,930.64
" IRES","YFP first",2200.5,1214.9
" IRES","YFP first",2201,850.43
" IRES","YFP first",2208,958.39
" IRES","YFP first",2210,885.19
" IRES","YFP first",2210.7,975.69
" IRES","YFP first",2210.9,778.57
" IRES","YFP first",2215.9,892.01
" IRES","YFP first",2236.9,878.14
" IRES","YFP first",2239,779.51
" IRES","YFP first",2247.4,958.43
" IRES","YFP first",2248.5,935.63
" IRES","YFP first",2251.8,1049.8
" IRES","YFP first",2254.7,760.01
" IRES","YFP first",2258.4,1265.7
" IRES","YFP first",2262.1,1102.8
" IRES","YFP first",2263.1,876.71
" IRES","YFP first",2263.7,1185.8
" IRES","YFP first",2265.4,843.26
" IRES","YFP first",2269.5,939.98
" IRES","YFP first",2278.6,590.15
" IRES","YFP first",2281.2,844.87
" IRES","YFP first",2281.8,1297.6
" IRES","YFP first",2298.3,710.38
" IRES","YFP first",2307.7,810.7
" IRES","YFP first",2309.3,936.48
" IRES","YFP first",2309.6,754.89
" IRES","YFP first",2312.5,844.99
" IRES","YFP first",2317.5,843.04
" IRES","YFP first",2323.1,1124.1
" IRES","YFP first",2330,529.25
" IRES","YFP first",2337,483.06
" IRES","YFP first",2337.6,887.6
" IRES","YFP first",2343.2,1159
" IRES","YFP first",2347.8,720.23
" IRES","YFP first",2348.2,834.8
" IRES","YFP first",2355.9,1670
" IRES","YFP first",2361.1,908.59
" IRES","YFP first",2368.9,839.01
" IRES","YFP first",2377.4,1097.8
" IRES","YFP first",2380.4,996.7
" IRES","YFP first",2386.4,1242.1
" IRES","YFP first",2399.3,644.96
" IRES","YFP first",2399.9,843.04
" IRES","YFP first",2403.7,1141.9
" IRES","YFP first",2408.3,845.91
" IRES","YFP first",2408.5,626.23
" IRES","YFP first",2436.1,891.66
" IRES","YFP first",2437.6,1013.9
" IRES","YFP first",2456.2,893.5
" IRES","YFP first",2465.9,786.56
" IRES","YFP first",2467.8,1188
" IRES","YFP first",2501.2,1310.9
" IRES","YFP first",2505.5,904.03
" IRES","YFP first",2507.8,1908.8
" IRES","YFP first",2508.6,1030.5
" IRES","YFP first",2512.9,630.39
" IRES","YFP first",2530.1,1039.7
" IRES","YFP first",2531.7,1347.9
" IRES","YFP first",2551.8,1051.7
" IRES","YFP first",2568.7,901.62
" IRES","YFP first",2574.7,680.09
" IRES","YFP first",2583.6,1189.5
" IRES","YFP first",2588.8,928.84
" IRES","YFP first",2590.7,1281.7
" IRES","YFP first",2591.6,939.6
" IRES","YFP first",2595.4,1357.1
" IRES","YFP first",2598.4,1255.8
" IRES","YFP first",2600.3,1336.7
" IRES","YFP first",2601.5,789.22
" IRES","YFP first",2624.1,1900.2
" IRES","YFP first",2629.7,1021.5
" IRES","YFP first",2638.1,928.15
" IRES","YFP first",2641.6,951.83
" IRES","YFP first",2654.7,964.12
" IRES","YFP first",2657,1362.4
" IRES","YFP first",2659.7,1225.9
" IRES","YFP first",2660.9,974.33
" IRES","YFP first",2663.7,1054.3
" IRES","YFP first",2663.8,1151.2
" IRES","YFP first",2664.8,1425.9
" IRES","YFP first",2684.9,923.6
" IRES","YFP first",2686.8,944.03
" IRES","YFP first",2692.8,1155.8
" IRES","YFP first",2695.9,724.85
" IRES","YFP first",2704.3,998.5
" IRES","YFP first",2716.9,1048.5
" IRES","YFP first",2730.6,1134.6
" IRES","YFP first",2746.1,1124.7
" IRES","YFP first",2763.8,1147.3
" IRES","YFP first",2782.8,996.83
" IRES","YFP first",2799.3,1141
" IRES","YFP first",2806.6,1044.8
" IRES","YFP first",2816.1,990.5
" IRES","YFP first",2817.6,750.84
" IRES","YFP first",2835.5,1294.6
" IRES","YFP first",2863.9,1032.9
" IRES","YFP first",2866.9,1353.6
" IRES","YFP first",2896.2,1606
" IRES","YFP first",2904.5,1033.5
" IRES","YFP first",2910.3,1035.7
" IRES","YFP first",2912.7,869.63
" IRES","YFP first",2964.9,1205.4
" IRES","YFP first",2965.4,1634.5
" IRES","YFP first",2986.7,899.77
" IRES","YFP first",2986.7,1078.8
" IRES","YFP first",3000.6,623.37
" IRES","YFP first",3019,1077.8
" IRES","YFP first",3027.5,1391.3
" IRES","YFP first",3035.9,1122
" IRES","YFP first",3038.5,1060.9
" IRES","YFP first",3050.2,1208.6
" IRES","YFP first",3051.9,983.97
" IRES","YFP first",3075.9,1435.4
" IRES","YFP first",3082.2,939.54
" IRES","YFP first",3088.9,1244.5
" IRES","YFP first",3117.7,1083.5
" IRES","YFP first",3123.7,1167.4
" IRES","YFP first",3145,971.45
" IRES","YFP first",3147.5,1280.3
" IRES","YFP first",3153,1330.8
" IRES","YFP first",3165.7,1102.9
" IRES","YFP first",3174.6,1244
" IRES","YFP first",3186.9,1328.8
" IRES","YFP first",3187,1279.9
" IRES","YFP first",3205.4,949.85
" IRES","YFP first",3265.9,976.57
" IRES","YFP first",3289.4,1430.4
" IRES","YFP first",3289.6,1009.4
" IRES","YFP first",3290.8,1840.6
" IRES","YFP first",3307.2,1067.7
" IRES","YFP first",3319,1005.7
" IRES","YFP first",3354.1,857.07
" IRES","YFP first",3356.4,1003
" IRES","YFP first",3382,1391.4
" IRES","YFP first",3383.3,1296.9
" IRES","YFP first",3392.2,1110.3
" IRES","YFP first",3400.4,1075.1
" IRES","YFP first",3403,1557.6
" IRES","YFP first",3410.7,1564.8
" IRES","YFP first",3416.8,1430.5
" IRES","YFP first",3416.8,1289.5
" IRES","YFP first",3417.9,1121.4
" IRES","YFP first",3439.2,1239.9
" IRES","YFP first",3445.6,1418.9
" IRES","YFP first",3462.3,1546.2
" IRES","YFP first",3479,1415.2
" IRES","YFP first",3486.9,1804.9
" IRES","YFP first",3490.1,1509.2
" IRES","YFP first",3495,1483.2
" IRES","YFP first",3503.4,1540.9
" IRES","YFP first",3511.2,1405.7
" IRES","YFP first",3594.8,1035.8
" IRES","YFP first",3596.9,1473.2
" IRES","YFP first",3598.6,938.09
" IRES","YFP first",3620.3,1792.5
" IRES","YFP first",3668.1,1101.6
" IRES","YFP first",3682.2,1603.9
" IRES","YFP first",3699.3,1348.2
" IRES","YFP first",3787.2,1463.6
" IRES","YFP first",3822.5,1724.4
" IRES","YFP first",NA,NA
" IRES","YFP first",NA,NA
" IRES","YFP first",NA,NA
" IRES","YFP first",NA,NA
" IRES","YFP first",NA,NA
" IRES","YFP first",NA,NA
" IRES","YFP first",NA,NA
" IRES","YFP first",NA,NA
" IRES","YFP first",NA,NA
" IRES","YFP first",NA,NA
" IRES","YFP first",NA,NA
" IRES","YFP first",NA,NA
" IRES","YFP first",NA,NA
" IRES","YFP first",NA,NA
" IRES","YFP first",NA,NA
" IRES","YFP first",NA,NA
" IRES","YFP first",NA,NA
" IRES","YFP first",NA,NA
" IRES","YFP first",NA,NA
" IRES","YFP first",NA,NA
" IRES","YFP first",NA,NA
" IRES","YFP first",NA,NA
" IRES","YFP first",NA,NA
" IRES","YFP first",NA,NA
" IRES","YFP first",NA,NA
" IRES","YFP first",NA,NA
" IRES","YFP first",NA,NA
" IRES","YFP first",NA,NA
" IRES","YFP first",NA,NA
" IRES","YFP first",NA,NA
" IRES","YFP first",NA,NA
" IRES","YFP first",NA,NA
" IRES","YFP first",NA,NA
" IRES","YFP first",NA,NA
" IRES","YFP first",NA,NA
" IRES","YFP first",NA,NA
" IRES","YFP first",NA,NA
" IRES","YFP first",NA,NA
" IRES","YFP first",NA,NA
" IRES","YFP first",NA,NA
" IRES","YFP first",NA,NA
" IRES","YFP first",NA,NA
" IRES","YFP first",NA,NA
" IRES","YFP first",NA,NA
" IRES","YFP first",NA,NA
" IRES","YFP first",NA,NA
" IRES","YFP first",NA,NA
" IRES","YFP first",NA,NA
" IRES","YFP first",NA,NA
" IRES","YFP first",NA,NA
" IRES","YFP first",NA,NA
" IRES","YFP first",NA,NA
" IRES","YFP first",NA,NA
" IRES","YFP first",NA,NA
" IRES","YFP first",NA,NA
" IRES","YFP first",NA,NA
" IRES","YFP first",NA,NA
" IRES","YFP first",NA,NA
" IRES","YFP first",NA,NA
" IRES","YFP first",NA,NA
" IRES","YFP first",NA,NA
" IRES","YFP first",NA,NA
" IRES","YFP first",NA,NA
" IRES","YFP first",NA,NA
" IRES","YFP first",NA,NA
" IRES","YFP first",NA,NA
" IRES","YFP first",NA,NA
" IRES","YFP first",NA,NA
" IRES","YFP first",NA,NA
" IRES","YFP first",NA,NA
" IRES","YFP first",NA,NA
" IRES","YFP first",NA,NA
" IRES","YFP first",NA,NA
" IRES","YFP first",NA,NA
" IRES","YFP first",NA,NA
" IRES","YFP first",NA,NA
" IRES","YFP first",NA,NA
" IRES","YFP first",NA,NA
" IRES","YFP first",NA,NA
" IRES","YFP first",NA,NA
" IRES","YFP first",NA,NA
" IRES","YFP first",NA,NA
" IRES","YFP first",NA,NA
" IRES","YFP first",NA,NA
" IRES","YFP first",NA,NA
" IRES","YFP first",NA,NA
" IRES","YFP first",NA,NA
" IRES","YFP first",NA,NA
" IRES","YFP first",NA,NA
" IRES","YFP first",NA,NA
" IRES","YFP first",NA,NA
" IRES","YFP first",NA,NA
" IRES","YFP first",NA,NA
" IRES","YFP first",NA,NA
" IRES","YFP first",NA,NA
" IRES","YFP first",NA,NA
" IRES","YFP first",NA,NA
" IRES","YFP first",NA,NA
" IRES","YFP first",NA,NA
" IRES","YFP first",NA,NA
" IRES","YFP first",NA,NA
" IRES","YFP first",NA,NA
" IRES","YFP first",NA,NA
" IRES","YFP first",NA,NA
" IRES","YFP first",NA,NA
" IRES","YFP first",NA,NA
" IRES","YFP first",NA,NA
" IRES","YFP first",NA,NA
" IRES","YFP first",NA,NA
" IRES","YFP first",NA,NA
" IRES","YFP first",NA,NA
" IRES","YFP first",NA,NA
" IRES","YFP first",NA,NA
" IRES","YFP first",NA,NA
" IRES","YFP first",NA,NA
" IRES","YFP first",NA,NA
" IRES","YFP first",NA,NA
" IRES","YFP first",NA,NA
" IRES","YFP first",NA,NA
" IRES","YFP first",NA,NA
" IRES","YFP first",NA,NA
" IRES","YFP first",NA,NA
" IRES","YFP first",NA,NA
" IRES","YFP first",NA,NA
" IRES","YFP first",NA,NA
" IRES","YFP first",NA,NA
" IRES","YFP first",NA,NA
" IRES","YFP first",NA,NA
" IRES","YFP first",NA,NA
" IRES","YFP first",NA,NA
" IRES","YFP first",NA,NA
" IRES","YFP first",NA,NA
" IRES","YFP first",NA,NA
" IRES","YFP first",NA,NA
" IRES","YFP first",NA,NA
" IRES","YFP first",NA,NA
" IRES","YFP first",NA,NA
" IRES","YFP first",NA,NA
" IRES","YFP first",NA,NA
" IRES","YFP first",NA,NA
" IRES","YFP first",NA,NA
" IRES","YFP first",NA,NA
" IRES","YFP first",NA,NA
" IRES","YFP first",NA,NA
" IRES","YFP first",NA,NA
" IRES","YFP first",NA,NA
" IRES","YFP first",NA,NA
" IRES","YFP first",NA,NA
" IRES","YFP first",NA,NA
" IRES","YFP first",NA,NA
" IRES","YFP first",NA,NA
" IRES","YFP first",NA,NA
" IRES","YFP first",NA,NA
" IRES","YFP first",NA,NA
" IRES","YFP first",NA,NA
" IRES","YFP first",NA,NA
" IRES","YFP first",NA,NA
" IRES","YFP first",NA,NA
" IRES","YFP first",NA,NA
" IRES","YFP first",NA,NA
" IRES","YFP first",NA,NA
" IRES","YFP first",NA,NA
" IRES","YFP first",NA,NA
" IRES","YFP first",NA,NA
" IRES","YFP first",NA,NA
" IRES","YFP first",NA,NA
" IRES","YFP first",NA,NA
" IRES","YFP first",NA,NA
" IRES","YFP first",NA,NA
" IRES","YFP first",NA,NA
" IRES","YFP first",NA,NA
" IRES","YFP first",NA,NA
" IRES","YFP first",NA,NA
" IRES","YFP first",NA,NA
" IRES","YFP first",NA,NA
" IRES","YFP first",NA,NA
" IRES","YFP first",NA,NA
" IRES","YFP first",NA,NA
" IRES","YFP first",NA,NA
" IRES","YFP first",NA,NA
" IRES","YFP first",NA,NA
" IRES","YFP first",NA,NA
" IRES","YFP first",NA,NA
" IRES","YFP first",NA,NA
" IRES","YFP first",NA,NA
" IRES","YFP first",NA,NA
" IRES","YFP first",NA,NA
" IRES","YFP first",NA,NA
" IRES","YFP first",NA,NA
" IRES","YFP first",NA,NA
" IRES","YFP first",NA,NA
" IRES","YFP first",NA,NA
" IRES","YFP first",NA,NA
" IRES","YFP first",NA,NA
" IRES","YFP first",NA,NA
" IRES","YFP first",NA,NA
" IRES","YFP first",NA,NA
" IRES","YFP first",NA,NA
" IRES","YFP first",NA,NA
" IRES","YFP first",NA,NA
" IRES","YFP first",NA,NA
" IRES","YFP first",NA,NA
" IRES","YFP first",NA,NA
" IRES","YFP first",NA,NA
" IRES","YFP first",NA,NA
" IRES","YFP first",NA,NA
" IRES","YFP first",NA,NA
" IRES","YFP first",NA,NA
" IRES","YFP first",NA,NA
" IRES","YFP first",NA,NA
" IRES","YFP first",NA,NA
" IRES","YFP first",NA,NA
" IRES","YFP first",NA,NA
" IRES","YFP first",NA,NA
" IRES","YFP first",NA,NA
" IRES","YFP first",NA,NA
" IRES","YFP first",NA,NA
" IRES","YFP first",NA,NA
" IRES","YFP first",NA,NA
" IRES","YFP first",NA,NA
" IRES","YFP first",NA,NA
" IRES","YFP first",NA,NA
" IRES","YFP first",NA,NA
" IRES","YFP first",NA,NA
" IRES","YFP first",NA,NA
" IRES","YFP first",NA,NA
" IRES","YFP first",NA,NA
" IRES","YFP first",NA,NA
" IRES","YFP first",NA,NA
" IRES","YFP first",NA,NA
" IRES","YFP first",NA,NA
" IRES","YFP first",NA,NA
" IRES","YFP first",NA,NA
" IRES","YFP first",NA,NA
" IRES","YFP first",NA,NA
" IRES","YFP first",NA,NA
" IRES","YFP first",NA,NA
" IRES","YFP first",NA,NA
" IRES","YFP first",NA,NA
" IRES","YFP first",NA,NA
" IRES","YFP first",NA,NA
" IRES","YFP first",NA,NA
" IRES","YFP first",NA,NA
" IRES","YFP first",NA,NA
" IRES","YFP first",NA,NA
" IRES","YFP first",NA,NA
" IRES","YFP first",NA,NA
" IRES","YFP first",NA,NA
" IRES","YFP first",NA,NA
" IRES","YFP first",NA,NA
" IRES","YFP first",NA,NA
" IRES","YFP first",NA,NA
" IRES","YFP first",NA,NA
" IRES","YFP first",NA,NA
" IRES","YFP first",NA,NA
" IRES","YFP first",NA,NA
" IRES","YFP first",NA,NA
" IRES","YFP first",NA,NA
" IRES","YFP first",NA,NA
" IRES","YFP first",NA,NA
" IRES","YFP first",NA,NA
" IRES","YFP first",NA,NA
" IRES","YFP first",NA,NA
" IRES","YFP first",NA,NA
" IRES","YFP first",NA,NA
" IRES","YFP first",NA,NA
" IRES","YFP first",NA,NA
" IRES","YFP first",NA,NA
" IRES","YFP first",NA,NA
" IRES","YFP first",NA,NA
" IRES","YFP first",NA,NA
" IRES","YFP first",NA,NA
" IRES","YFP first",NA,NA
" IRES","YFP first",NA,NA
" IRES","YFP first",NA,NA
" IRES","YFP first",NA,NA
" IRES","YFP first",NA,NA
" IRES","YFP first",NA,NA
" IRES","YFP first",NA,NA
" IRES","YFP first",NA,NA
" IRES","YFP first",NA,NA
" IRES","YFP first",NA,NA
" IRES","YFP first",NA,NA
" IRES","YFP first",NA,NA
" IRES","YFP first",NA,NA
" IRES","YFP first",NA,NA
" IRES","YFP first",NA,NA
" IRES","YFP first",NA,NA
" IRES","YFP first",NA,NA
" IRES","YFP first",NA,NA
" IRES","YFP first",NA,NA
" IRES","YFP first",NA,NA
" IRES","YFP first",NA,NA
" IRES","YFP first",NA,NA
" IRES","YFP first",NA,NA
" IRES","YFP first",NA,NA
" IRES","YFP first",NA,NA
" IRES","YFP first",NA,NA
" IRES","YFP first",NA,NA
" IRES","YFP first",NA,NA
" IRES","YFP first",NA,NA
" IRES","YFP first",NA,NA
" IRES","YFP first",NA,NA
" IRES","YFP first",NA,NA
" IRES","YFP first",NA,NA
" IRES","YFP first",NA,NA
" IRES","YFP first",NA,NA
" IRES","YFP first",NA,NA
" IRES","YFP first",NA,NA
" IRES","YFP first",NA,NA
" IRES","YFP first",NA,NA
" IRES","YFP first",NA,NA
" IRES","YFP first",NA,NA
" IRES","YFP first",NA,NA
" IRES","YFP first",NA,NA
" IRES","YFP first",NA,NA
" IRES","YFP first",NA,NA
" IRES","YFP first",NA,NA
" IRES","YFP first",NA,NA
" IRES","YFP first",NA,NA
" IRES","YFP first",NA,NA
" IRES","YFP first",NA,NA
" IRES","YFP first",NA,NA
" IRES","YFP first",NA,NA
" IRES","YFP first",NA,NA
" IRES","YFP first",NA,NA
" IRES","YFP first",NA,NA
" IRES","YFP first",NA,NA
" IRES","YFP first",NA,NA
" IRES","YFP first",NA,NA
" IRES","YFP first",NA,NA
" IRES","YFP first",NA,NA
" IRES","YFP first",NA,NA
" IRES","YFP first",NA,NA
" IRES","YFP first",NA,NA
" IRES","YFP first",NA,NA
" IRES","YFP first",NA,NA
" IRES","YFP first",NA,NA
" IRES","YFP first",NA,NA
" IRES","YFP first",NA,NA
" IRES","YFP first",NA,NA
" IRES","YFP first",NA,NA
" IRES","YFP first",NA,NA
" IRES","CFP first",60.505,196.97
" IRES","CFP first",124.82,625.77
" IRES","CFP first",145.51,672.24
" IRES","CFP first",143.98,703.17
" IRES","CFP first",143.45,717.7
" IRES","CFP first",150.59,775.4
" IRES","CFP first",155.32,777.32
" IRES","CFP first",189.27,781.4
" IRES","CFP first",167.62,829.67
" IRES","CFP first",176.57,843.15
" IRES","CFP first",182.48,870.28
" IRES","CFP first",215.26,1072.6
" IRES","CFP first",190.52,1098.7
" IRES","CFP first",214.17,1103.8
" IRES","CFP first",231.07,1166.9
" IRES","CFP first",222.84,1199.5
" IRES","CFP first",230.92,1209.7
" IRES","CFP first",222.16,1254.2
" IRES","CFP first",209.6,1267.8
" IRES","CFP first",256.45,1271.6
" IRES","CFP first",294.21,1278.6
" IRES","CFP first",233.23,1280.8
" IRES","CFP first",233.14,1291.6
" IRES","CFP first",350.99,1332.9
" IRES","CFP first",330.65,1341.2
" IRES","CFP first",259.63,1364
" IRES","CFP first",349.47,1366.7
" IRES","CFP first",291.87,1367.2
" IRES","CFP first",299.46,1373.8
" IRES","CFP first",300.04,1376.7
" IRES","CFP first",221.74,1422.8
" IRES","CFP first",362.08,1432.4
" IRES","CFP first",282.08,1455.8
" IRES","CFP first",365.28,1473.3
" IRES","CFP first",312.35,1476
" IRES","CFP first",390.69,1477.3
" IRES","CFP first",362.16,1504.4
" IRES","CFP first",327.78,1514.2
" IRES","CFP first",348.86,1521.9
" IRES","CFP first",330.16,1525
" IRES","CFP first",303.22,1529.9
" IRES","CFP first",371.09,1533.6
" IRES","CFP first",281.42,1546.1
" IRES","CFP first",289.23,1581.8
" IRES","CFP first",277.44,1592.5
" IRES","CFP first",400.14,1617.3
" IRES","CFP first",442.85,1618.3
" IRES","CFP first",350.23,1644.8
" IRES","CFP first",306.54,1648.8
" IRES","CFP first",361.24,1677
" IRES","CFP first",350.34,1693.3
" IRES","CFP first",435.48,1774.4
" IRES","CFP first",315.4,1777
" IRES","CFP first",128.62,1789.5
" IRES","CFP first",343.88,1795.1
" IRES","CFP first",431.51,1804.5
" IRES","CFP first",450.56,1820.6
" IRES","CFP first",386.44,1826.9
" IRES","CFP first",260.49,1827.4
" IRES","CFP first",336.94,1840
" IRES","CFP first",426.71,1856.7
" IRES","CFP first",383.8,1865.4
" IRES","CFP first",424.11,1865.6
" IRES","CFP first",459.98,1870.4
" IRES","CFP first",382.29,1880.1
" IRES","CFP first",330.09,1919.1
" IRES","CFP first",348.43,1921.4
" IRES","CFP first",455.07,1929
" IRES","CFP first",448.94,1931.1
" IRES","CFP first",308.93,2020.8
" IRES","CFP first",480.78,2032.4
" IRES","CFP first",445.1,2043.6
" IRES","CFP first",309.78,2056.7
" IRES","CFP first",517.32,2064
" IRES","CFP first",492.52,2078.2
" IRES","CFP first",433.16,2079.8
" IRES","CFP first",474.46,2083.9
" IRES","CFP first",520.65,2088.3
" IRES","CFP first",510.15,2091.1
" IRES","CFP first",579.64,2098.3
" IRES","CFP first",361.33,2100.6
" IRES","CFP first",561.77,2113
" IRES","CFP first",512.26,2118.1
" IRES","CFP first",337.35,2121.5
" IRES","CFP first",512.09,2123.7
" IRES","CFP first",290.56,2140.7
" IRES","CFP first",389.81,2161.6
" IRES","CFP first",331.03,2165.9
" IRES","CFP first",537.01,2168.2
" IRES","CFP first",504.77,2189.9
" IRES","CFP first",374.4,2192.2
" IRES","CFP first",295.71,2206.3
" IRES","CFP first",402.62,2242.7
" IRES","CFP first",538.83,2266.1
" IRES","CFP first",468.41,2284.4
" IRES","CFP first",369.04,2292.6
" IRES","CFP first",520.7,2296
" IRES","CFP first",640.64,2302.8
" IRES","CFP first",345.68,2308.5
" IRES","CFP first",472.11,2316.8
" IRES","CFP first",511.82,2328.7
" IRES","CFP first",440.59,2329.3
" IRES","CFP first",349.57,2331.3
" IRES","CFP first",549.37,2335
" IRES","CFP first",450.93,2340.4
" IRES","CFP first",583.24,2344.4
" IRES","CFP first",606.09,2373.9
" IRES","CFP first",479.72,2393.6
" IRES","CFP first",421.21,2415.3
" IRES","CFP first",603.47,2417.6
" IRES","CFP first",581.66,2438
" IRES","CFP first",505.69,2454.3
" IRES","CFP first",488.58,2455.9
" IRES","CFP first",577.84,2503.4
" IRES","CFP first",743.27,2515.1
" IRES","CFP first",463.98,2532.8
" IRES","CFP first",565.4,2535.6
" IRES","CFP first",529.24,2554.2
" IRES","CFP first",588.04,2575.6
" IRES","CFP first",604.34,2579
" IRES","CFP first",637.17,2579.8
" IRES","CFP first",613.73,2648.5
" IRES","CFP first",556.72,2649.8
" IRES","CFP first",676.54,2663
" IRES","CFP first",604.23,2665.7
" IRES","CFP first",592.34,2669.9
" IRES","CFP first",542.26,2685.9
" IRES","CFP first",545.13,2693.4
" IRES","CFP first",680.73,2700.7
" IRES","CFP first",616.7,2701.3
" IRES","CFP first",613.44,2708.4
" IRES","CFP first",697.41,2710.4
" IRES","CFP first",514.97,2711.2
" IRES","CFP first",824.3,2716.6
" IRES","CFP first",564.58,2734.2
" IRES","CFP first",716.16,2744.1
" IRES","CFP first",346.47,2772.3
" IRES","CFP first",581.46,2781.3
" IRES","CFP first",564.77,2786.3
" IRES","CFP first",586.82,2828.2
" IRES","CFP first",625.48,2829.4
" IRES","CFP first",628.62,2829.8
" IRES","CFP first",606.37,2838.6
" IRES","CFP first",729.07,2839.1
" IRES","CFP first",617.79,2840.4
" IRES","CFP first",650.87,2864.8
" IRES","CFP first",694.41,2885.1
" IRES","CFP first",516.68,2902.5
" IRES","CFP first",509.94,2917.1
" IRES","CFP first",618.71,2932.9
" IRES","CFP first",775.2,2933.2
" IRES","CFP first",665.66,2949.7
" IRES","CFP first",901.88,2958.8
" IRES","CFP first",704.41,2961.1
" IRES","CFP first",530.72,2963
" IRES","CFP first",732.67,2968.3
" IRES","CFP first",600.48,2995.3
" IRES","CFP first",428.22,3003.9
" IRES","CFP first",626.35,3004.3
" IRES","CFP first",779.75,3010.4
" IRES","CFP first",581.6,3012.2
" IRES","CFP first",774.04,3027.7
" IRES","CFP first",742.78,3054.1
" IRES","CFP first",861.56,3059.6
" IRES","CFP first",719.21,3070.5
" IRES","CFP first",762.08,3078.7
" IRES","CFP first",758.2,3079.4
" IRES","CFP first",814.08,3101.6
" IRES","CFP first",767.55,3106.4
" IRES","CFP first",592.92,3106.5
" IRES","CFP first",662.95,3115.4
" IRES","CFP first",618.56,3116.9
" IRES","CFP first",648.12,3118.2
" IRES","CFP first",534.36,3125.2
" IRES","CFP first",706.42,3131.7
" IRES","CFP first",618.47,3132.1
" IRES","CFP first",574.45,3136.9
" IRES","CFP first",632.52,3137.4
" IRES","CFP first",844.6,3160.2
" IRES","CFP first",611.02,3188.9
" IRES","CFP first",767.09,3191.2
" IRES","CFP first",635.51,3231.5
" IRES","CFP first",795.42,3238.3
" IRES","CFP first",690.91,3242.8
" IRES","CFP first",915.71,3263.6
" IRES","CFP first",798.54,3270.3
" IRES","CFP first",813.06,3346.7
" IRES","CFP first",701.28,3348.9
" IRES","CFP first",795.61,3352.9
" IRES","CFP first",862.66,3360.3
" IRES","CFP first",648.36,3361.5
" IRES","CFP first",853.63,3372.6
" IRES","CFP first",580.21,3381.3
" IRES","CFP first",740.46,3448.8
" IRES","CFP first",810.08,3463.1
" IRES","CFP first",655.84,3468.3
" IRES","CFP first",689.54,3487.8
" IRES","CFP first",854.92,3498.6
" IRES","CFP first",721.98,3499.6
" IRES","CFP first",898.33,3517.2
" IRES","CFP first",761.81,3517.5
" IRES","CFP first",595.46,3540.3
" IRES","CFP first",730.62,3542.4
" IRES","CFP first",848.34,3557
" IRES","CFP first",837.94,3584.5
" IRES","CFP first",909.71,3585.7
" IRES","CFP first",712.8,3590.7
" IRES","CFP first",1103.3,3591.9
" IRES","CFP first",782.73,3592.8
" IRES","CFP first",872.29,3606.8
" IRES","CFP first",696.19,3611.3
" IRES","CFP first",840.39,3611.9
" IRES","CFP first",888.76,3616
" IRES","CFP first",880.3,3616.5
" IRES","CFP first",622.32,3635.5
" IRES","CFP first",754.92,3654.8
" IRES","CFP first",892.12,3657.2
" IRES","CFP first",951.66,3661.2
" IRES","CFP first",883.58,3666.8
" IRES","CFP first",845.57,3675.8
" IRES","CFP first",1091.4,3684.7
" IRES","CFP first",772.26,3709.2
" IRES","CFP first",874.39,3760.6
" IRES","CFP first",761.93,3761.3
" IRES","CFP first",933.38,3771
" IRES","CFP first",777.95,3782.3
" IRES","CFP first",929.78,3813.6
" IRES","CFP first",1163.7,3838.2
" IRES","CFP first",846.81,3885.1
" IRES","CFP first",704.39,3903.6
" IRES","CFP first",962.23,3934.7
" IRES","CFP first",956.99,3934.8
" IRES","CFP first",981.49,3941.8
" IRES","CFP first",750.94,3942.9
" IRES","CFP first",885.32,4015.5
" IRES","CFP first",936.71,4029.3
" IRES","CFP first",1017.1,4067.6
" IRES","CFP first",1032.8,4072.1
" IRES","CFP first",697.51,4089.4
" IRES","CFP first",754.64,4136.1
" IRES","CFP first",1230,4142.6
" IRES","CFP first",941.51,4152
" IRES","CFP first",888.26,4160.6
" IRES","CFP first",877.05,4179.1
" IRES","CFP first",1000.1,4189.1
" IRES","CFP first",797.17,4190
" IRES","CFP first",1029.4,4228
" IRES","CFP first",1017.1,4252.1
" IRES","CFP first",1207.7,4265
" IRES","CFP first",809.88,4341.3
" IRES","CFP first",899.94,4342.8
" IRES","CFP first",870.22,4362
" IRES","CFP first",798.5,4364.6
" IRES","CFP first",995.97,4374.6
" IRES","CFP first",991.02,4393.6
" IRES","CFP first",1039.9,4449.5
" IRES","CFP first",1056.7,4453.6
" IRES","CFP first",1040.7,4455.4
" IRES","CFP first",997.25,4460.9
" IRES","CFP first",1052.9,4481.7
" IRES","CFP first",671.28,4544.7
" IRES","CFP first",1082.8,4580.1
" IRES","CFP first",1004,4585.9
" IRES","CFP first",1069.1,4608.3
" IRES","CFP first",812.06,4612.3
" IRES","CFP first",852.79,4626.6
" IRES","CFP first",1042.1,4647.6
" IRES","CFP first",967.06,4673.2
" IRES","CFP first",1196.1,4709.3
" IRES","CFP first",1020.6,4712.4
" IRES","CFP first",1237.5,4715.6
" IRES","CFP first",1132.9,4751.3
" IRES","CFP first",1136.3,4774.7
" IRES","CFP first",1135.2,4794.4
" IRES","CFP first",1241,4801.2
" IRES","CFP first",1111.2,4808.6
" IRES","CFP first",944.06,4902.8
" IRES","CFP first",1231.2,4913.1
" IRES","CFP first",1153.9,4918.9
" IRES","CFP first",1035.9,4941.4
" IRES","CFP first",1269.8,4941.9
" IRES","CFP first",719.37,4990.3
" IRES","CFP first",1121.2,5034.2
" IRES","CFP first",1267.3,5090.4
" IRES","CFP first",1200.2,5138.4
" IRES","CFP first",1240.8,5151.3
" IRES","CFP first",1325.2,5171.8
" IRES","CFP first",1042.6,5180.1
" IRES","CFP first",1148.4,5221.4
" IRES","CFP first",1254.9,5259.5
" IRES","CFP first",814.54,5325.8
" IRES","CFP first",1116.9,5345.2
" IRES","CFP first",1003.9,5397.5
" IRES","CFP first",1374.5,5496.4
" IRES","CFP first",NA,NA
" IRES","CFP first",NA,NA
" IRES","CFP first",NA,NA
" IRES","CFP first",NA,NA
" IRES","CFP first",NA,NA
" IRES","CFP first",NA,NA
" IRES","CFP first",NA,NA
" IRES","CFP first",NA,NA
" IRES","CFP first",NA,NA
" IRES","CFP first",NA,NA
" IRES","CFP first",NA,NA
" IRES","CFP first",NA,NA
" IRES","CFP first",NA,NA
" IRES","CFP first",NA,NA
" IRES","CFP first",NA,NA
" IRES","CFP first",NA,NA
" IRES","CFP first",NA,NA
" IRES","CFP first",NA,NA
" IRES","CFP first",NA,NA
" IRES","CFP first",NA,NA
" IRES","CFP first",NA,NA
" IRES","CFP first",NA,NA
" IRES","CFP first",NA,NA
" IRES","CFP first",NA,NA
" IRES","CFP first",NA,NA
" IRES","CFP first",NA,NA
" IRES","CFP first",NA,NA
" IRES","CFP first",NA,NA
" IRES","CFP first",NA,NA
" IRES","CFP first",NA,NA
" IRES","CFP first",NA,NA
" IRES","CFP first",NA,NA
" IRES","CFP first",NA,NA
" IRES","CFP first",NA,NA
" IRES","CFP first",NA,NA
" IRES","CFP first",NA,NA
" IRES","CFP first",NA,NA
" IRES","CFP first",NA,NA
" IRES","CFP first",NA,NA
" IRES","CFP first",NA,NA
" IRES","CFP first",NA,NA
" IRES","CFP first",NA,NA
" IRES","CFP first",NA,NA
" IRES","CFP first",NA,NA
" IRES","CFP first",NA,NA
" IRES","CFP first",NA,NA
" IRES","CFP first",NA,NA
" IRES","CFP first",NA,NA
" IRES","CFP first",NA,NA
" IRES","CFP first",NA,NA
" IRES","CFP first",NA,NA
" IRES","CFP first",NA,NA
" IRES","CFP first",NA,NA
" IRES","CFP first",NA,NA
" IRES","CFP first",NA,NA
" IRES","CFP first",NA,NA
" IRES","CFP first",NA,NA
" IRES","CFP first",NA,NA
" IRES","CFP first",NA,NA
" IRES","CFP first",NA,NA
" IRES","CFP first",NA,NA
" IRES","CFP first",NA,NA
" IRES","CFP first",NA,NA
" IRES","CFP first",NA,NA
" IRES","CFP first",NA,NA
" IRES","CFP first",NA,NA
" IRES","CFP first",NA,NA
" IRES","CFP first",NA,NA
" IRES","CFP first",NA,NA
" IRES","CFP first",NA,NA
" IRES","CFP first",NA,NA
" IRES","CFP first",NA,NA
" IRES","CFP first",NA,NA
" IRES","CFP first",NA,NA
" IRES","CFP first",NA,NA
" IRES","CFP first",NA,NA
" IRES","CFP first",NA,NA
" IRES","CFP first",NA,NA
" IRES","CFP first",NA,NA
" IRES","CFP first",NA,NA
" IRES","CFP first",NA,NA
" IRES","CFP first",NA,NA
" IRES","CFP first",NA,NA
" IRES","CFP first",NA,NA
" IRES","CFP first",NA,NA
" IRES","CFP first",NA,NA
" IRES","CFP first",NA,NA
" IRES","CFP first",NA,NA
" IRES","CFP first",NA,NA
" IRES","CFP first",NA,NA
" IRES","CFP first",NA,NA
" IRES","CFP first",NA,NA
" IRES","CFP first",NA,NA
" IRES","CFP first",NA,NA
" IRES","CFP first",NA,NA
" IRES","CFP first",NA,NA
" IRES","CFP first",NA,NA
" IRES","CFP first",NA,NA
" IRES","CFP first",NA,NA
" IRES","CFP first",NA,NA
" IRES","CFP first",NA,NA
" IRES","CFP first",NA,NA
" IRES","CFP first",NA,NA
" IRES","CFP first",NA,NA
" IRES","CFP first",NA,NA
" IRES","CFP first",NA,NA
" IRES","CFP first",NA,NA
" IRES","CFP first",NA,NA
" IRES","CFP first",NA,NA
" IRES","CFP first",NA,NA
" IRES","CFP first",NA,NA
" IRES","CFP first",NA,NA
" IRES","CFP first",NA,NA
" IRES","CFP first",NA,NA
" IRES","CFP first",NA,NA
" IRES","CFP first",NA,NA
" IRES","CFP first",NA,NA
" IRES","CFP first",NA,NA
" IRES","CFP first",NA,NA
" IRES","CFP first",NA,NA
" IRES","CFP first",NA,NA
" IRES","CFP first",NA,NA
" IRES","CFP first",NA,NA
" IRES","CFP first",NA,NA
" IRES","CFP first",NA,NA
" IRES","CFP first",NA,NA
" IRES","CFP first",NA,NA
" IRES","CFP first",NA,NA
" IRES","CFP first",NA,NA
" IRES","CFP first",NA,NA
" IRES","CFP first",NA,NA
" IRES","CFP first",NA,NA
" IRES","CFP first",NA,NA
" IRES","CFP first",NA,NA
" IRES","CFP first",NA,NA
" IRES","CFP first",NA,NA
" IRES","CFP first",NA,NA
" IRES","CFP first",NA,NA
" IRES","CFP first",NA,NA
" IRES","CFP first",NA,NA
" IRES","CFP first",NA,NA
" IRES","CFP first",NA,NA
" IRES","CFP first",NA,NA
" IRES","CFP first",NA,NA
" IRES","CFP first",NA,NA
" IRES","CFP first",NA,NA
" IRES","CFP first",NA,NA
" IRES","CFP first",NA,NA
" IRES","CFP first",NA,NA
" IRES","CFP first",NA,NA
" IRES","CFP first",NA,NA
" IRES","CFP first",NA,NA
" IRES","CFP first",NA,NA
" IRES","CFP first",NA,NA
" IRES","CFP first",NA,NA
" IRES","CFP first",NA,NA
" IRES","CFP first",NA,NA
" IRES","CFP first",NA,NA
" IRES","CFP first",NA,NA
" IRES","CFP first",NA,NA
" IRES","CFP first",NA,NA
" IRES","CFP first",NA,NA
" IRES","CFP first",NA,NA
" IRES","CFP first",NA,NA
" IRES","CFP first",NA,NA
" IRES","CFP first",NA,NA
" IRES","CFP first",NA,NA
" IRES","CFP first",NA,NA
" IRES","CFP first",NA,NA
" IRES","CFP first",NA,NA
" IRES","CFP first",NA,NA
" IRES","CFP first",NA,NA
" IRES","CFP first",NA,NA
" IRES","CFP first",NA,NA
" IRES","CFP first",NA,NA
" IRES","CFP first",NA,NA
" IRES","CFP first",NA,NA
" IRES","CFP first",NA,NA
" IRES","CFP first",NA,NA
" IRES","CFP first",NA,NA
" IRES","CFP first",NA,NA
" IRES","CFP first",NA,NA
" IRES","CFP first",NA,NA
" IRES","CFP first",NA,NA
" IRES","CFP first",NA,NA
" IRES","CFP first",NA,NA
" IRES","CFP first",NA,NA
" IRES","CFP first",NA,NA
" IRES","CFP first",NA,NA
" IRES","CFP first",NA,NA
" IRES","CFP first",NA,NA
" IRES","CFP first",NA,NA
" IRES","CFP first",NA,NA
" IRES","CFP first",NA,NA
" IRES","CFP first",NA,NA
" IRES","CFP first",NA,NA
" IRES","CFP first",NA,NA
" IRES","CFP first",NA,NA
" IRES","CFP first",NA,NA
" IRES","CFP first",NA,NA
" IRES","CFP first",NA,NA
" IRES","CFP first",NA,NA
" IRES","CFP first",NA,NA
" IRES","CFP first",NA,NA
" IRES","CFP first",NA,NA
" IRES","CFP first",NA,NA
" IRES","CFP first",NA,NA
" IRES","CFP first",NA,NA
" IRES","CFP first",NA,NA
" IRES","CFP first",NA,NA
" IRES","CFP first",NA,NA
" IRES","CFP first",NA,NA
" IRES","CFP first",NA,NA
" IRES","CFP first",NA,NA
" IRES","CFP first",NA,NA
" IRES","CFP first",NA,NA
" IRES","CFP first",NA,NA
" IRES","CFP first",NA,NA
" IRES","CFP first",NA,NA
" IRES","CFP first",NA,NA
" IRES","CFP first",NA,NA
" IRES","CFP first",NA,NA
" IRES","CFP first",NA,NA
" IRES","CFP first",NA,NA
" IRES","CFP first",NA,NA
" IRES","CFP first",NA,NA
" IRES","CFP first",NA,NA
" IRES","CFP first",NA,NA
" IRES","CFP first",NA,NA
" IRES","CFP first",NA,NA
" IRES","CFP first",NA,NA
" IRES","CFP first",NA,NA
" IRES","CFP first",NA,NA
" IRES","CFP first",NA,NA
" IRES","CFP first",NA,NA
" IRES","CFP first",NA,NA
" IRES","CFP first",NA,NA
" IRES","CFP first",NA,NA
" IRES","CFP first",NA,NA
" IRES","CFP first",NA,NA
" IRES","CFP first",NA,NA
" IRES","CFP first",NA,NA
" IRES","CFP first",NA,NA
" IRES","CFP first",NA,NA
" IRES","CFP first",NA,NA
" IRES","CFP first",NA,NA
" IRES","CFP first",NA,NA
" IRES","CFP first",NA,NA
" IRES","CFP first",NA,NA
" IRES","CFP first",NA,NA
" IRES","CFP first",NA,NA
" IRES","CFP first",NA,NA
" IRES","CFP first",NA,NA
" IRES","CFP first",NA,NA
" IRES","CFP first",NA,NA
" IRES","CFP first",NA,NA
" IRES","CFP first",NA,NA
" IRES","CFP first",NA,NA
" IRES","CFP first",NA,NA
" IRES","CFP first",NA,NA
" IRES","CFP first",NA,NA
" IRES","CFP first",NA,NA
" IRES","CFP first",NA,NA
" IRES","CFP first",NA,NA
" IRES","CFP first",NA,NA
" IRES","CFP first",NA,NA
" IRES","CFP first",NA,NA
" IRES","CFP first",NA,NA
" IRES","CFP first",NA,NA
" IRES","CFP first",NA,NA
" IRES","CFP first",NA,NA
" IRES","CFP first",NA,NA
" IRES","CFP first",NA,NA
" IRES","CFP first",NA,NA
" IRES","CFP first",NA,NA
" IRES","CFP first",NA,NA
" IRES","CFP first",NA,NA
" IRES","CFP first",NA,NA
" IRES","CFP first",NA,NA
" IRES","CFP first",NA,NA
" IRES","CFP first",NA,NA
" IRES","CFP first",NA,NA
" IRES","CFP first",NA,NA
" IRES","CFP first",NA,NA
" IRES","CFP first",NA,NA
" IRES","CFP first",NA,NA
" IRES","CFP first",NA,NA
" IRES","CFP first",NA,NA
" IRES","CFP first",NA,NA
" IRES","CFP first",NA,NA
" IRES","CFP first",NA,NA
" IRES","CFP first",NA,NA
" IRES","CFP first",NA,NA
" IRES","CFP first",NA,NA
" IRES","CFP first",NA,NA
" IRES","CFP first",NA,NA
" IRES","CFP first",NA,NA
" IRES","CFP first",NA,NA
" IRES","CFP first",NA,NA
" IRES","CFP first",NA,NA
" IRES","CFP first",NA,NA
" IRES","CFP first",NA,NA
" IRES","CFP first",NA,NA
" IRES","CFP first",NA,NA
" IRES","CFP first",NA,NA
" IRES","CFP first",NA,NA
" IRES","CFP first",NA,NA
" IRES","CFP first",NA,NA
" IRES","CFP first",NA,NA
" IRES","CFP first",NA,NA
" IRES","CFP first",NA,NA
" IRES","CFP first",NA,NA
" IRES","CFP first",NA,NA
" IRES","CFP first",NA,NA
" IRES","CFP first",NA,NA
" IRES","CFP first",NA,NA
" IRES","CFP first",NA,NA
" IRES","CFP first",NA,NA
" IRES","CFP first",NA,NA
" IRES","CFP first",NA,NA
" IRES","CFP first",NA,NA
" IRES","CFP first",NA,NA
" IRES","CFP first",NA,NA
" IRES","CFP first",NA,NA
" IRES","CFP first",NA,NA
" IRES","CFP first",NA,NA
" IRES","CFP first",NA,NA
" IRES","CFP first",NA,NA
" IRES","CFP first",NA,NA
" IRES","CFP first",NA,NA
" IRES","CFP first",NA,NA
" IRES","CFP first",NA,NA
" IRES","CFP first",NA,NA
" IRES","CFP first",NA,NA
" IRES","CFP first",NA,NA
" IRES","CFP first",NA,NA
" IRES","CFP first",NA,NA
" IRES","CFP first",NA,NA
" IRES","CFP first",NA,NA
" IRES","CFP first",NA,NA
" IRES","CFP first",NA,NA
" IRES","CFP first",NA,NA
" IRES","CFP first",NA,NA
" IRES","CFP first",NA,NA
" IRES","CFP first",NA,NA
" IRES","CFP first",NA,NA
" IRES","CFP first",NA,NA
" IRES","CFP first",NA,NA
" IRES","CFP first",NA,NA
" IRES","CFP first",NA,NA
" IRES","CFP first",NA,NA
" IRES","CFP first",NA,NA
" IRES","CFP first",NA,NA
" IRES","CFP first",NA,NA
" IRES","CFP first",NA,NA
" IRES","CFP first",NA,NA
" IRES","CFP first",NA,NA
" IRES","CFP first",NA,NA
" IRES","CFP first",NA,NA
" IRES","CFP first",NA,NA
" IRES","CFP first",NA,NA
" IRES","CFP first",NA,NA
" IRES","CFP first",NA,NA
" IRES","CFP first",NA,NA
" IRES","CFP first",NA,NA
" IRES","CFP first",NA,NA
" IRES","CFP first",NA,NA
" IRES","CFP first",NA,NA
" IRES","CFP first",NA,NA
" IRES","CFP first",NA,NA
" IRES","CFP first",NA,NA
" IRES","CFP first",NA,NA
" IRES","CFP first",NA,NA
" IRES","CFP first",NA,NA
" IRES","CFP first",NA,NA
" IRES","CFP first",NA,NA
" IRES","CFP first",NA,NA
" IRES","CFP first",NA,NA
" IRES","CFP first",NA,NA
" IRES","CFP first",NA,NA
" IRES","CFP first",NA,NA
" IRES","CFP first",NA,NA
" IRES","CFP first",NA,NA
" IRES","CFP first",NA,NA
" IRES","CFP first",NA,NA
" IRES","CFP first",NA,NA
" IRES","CFP first",NA,NA
" IRES","CFP first",NA,NA
" IRES","CFP first",NA,NA
" IRES","CFP first",NA,NA
" IRES","CFP first",NA,NA
" IRES","CFP first",NA,NA
" IRES","CFP first",NA,NA
" IRES","CFP first",NA,NA
" IRES","CFP first",NA,NA
" IRES","CFP first",NA,NA
" IRES","CFP first",NA,NA
" IRES","CFP first",NA,NA
" IRES","CFP first",NA,NA
" IRES","CFP first",NA,NA
" IRES","CFP first",NA,NA
" IRES","CFP first",NA,NA
" IRES","CFP first",NA,NA
" IRES","CFP first",NA,NA
" IRES","CFP first",NA,NA
" IRES","CFP first",NA,NA
" IRES","CFP first",NA,NA
" IRES","CFP first",NA,NA
" IRES","CFP first",NA,NA
" IRES","CFP first",NA,NA
" IRES","CFP first",NA,NA
" IRES","CFP first",NA,NA
" IRES","CFP first",NA,NA
" IRES","CFP first",NA,NA
" IRES","CFP first",NA,NA
" IRES","CFP first",NA,NA
" IRES","CFP first",NA,NA
" IRES","CFP first",NA,NA
" IRES","CFP first",NA,NA
" IRES","CFP first",NA,NA
" IRES","CFP first",NA,NA
" IRES","CFP first",NA,NA
" IRES","CFP first",NA,NA
" IRES","CFP first",NA,NA
" IRES","CFP first",NA,NA
" IRES","CFP first",NA,NA
" IRES","CFP first",NA,NA
" IRES","CFP first",NA,NA
" IRES","CFP first",NA,NA
" IRES","CFP first",NA,NA
" IRES","CFP first",NA,NA
" IRES","CFP first",NA,NA
" IRES","CFP first",NA,NA
" IRES","CFP first",NA,NA
" IRES","CFP first",NA,NA
" IRES","CFP first",NA,NA
" IRES","CFP first",NA,NA
" IRES","CFP first",NA,NA
" IRES","CFP first",NA,NA
" IRES","CFP first",NA,NA
" IRES","CFP first",NA,NA
" IRES","CFP first",NA,NA
" IRES","CFP first",NA,NA
" IRES","CFP first",NA,NA
" IRES","CFP first",NA,NA
" IRES","CFP first",NA,NA
" IRES","CFP first",NA,NA
" IRES","CFP first",NA,NA
" IRES","CFP first",NA,NA
" IRES","CFP first",NA,NA
" IRES","CFP first",NA,NA
" IRES","CFP first",NA,NA
" IRES","CFP first",NA,NA
" IRES","CFP first",NA,NA
" IRES","CFP first",NA,NA
" IRES","CFP first",NA,NA
" IRES","CFP first",NA,NA
" IRES","CFP first",NA,NA
" IRES","CFP first",NA,NA
" IRES","CFP first",NA,NA
" IRES","CFP first",NA,NA
" IRES","CFP first",NA,NA
" IRES","CFP first",NA,NA
" IRES","CFP first",NA,NA
" IRES","CFP first",NA,NA
" IRES","CFP first",NA,NA
" IRES","CFP first",NA,NA
" IRES","CFP first",NA,NA
" IRES","CFP first",NA,NA
" IRES","CFP first",NA,NA
" IRES","CFP first",NA,NA
" IRES","CFP first",NA,NA
" IRES","CFP first",NA,NA
" IRES","CFP first",NA,NA
" IRES","CFP first",NA,NA
" IRES","CFP first",NA,NA
" IRES","CFP first",NA,NA
" IRES","CFP first",NA,NA
" IRES","CFP first",NA,NA
" IRES","CFP first",NA,NA
" IRES","CFP first",NA,NA
" IRES","CFP first",NA,NA
" IRES","CFP first",NA,NA
" IRES","CFP first",NA,NA
" IRES","CFP first",NA,NA
" IRES","CFP first",NA,NA
" IRES","CFP first",NA,NA
" IRES","CFP first",NA,NA
" IRES","CFP first",NA,NA
" IRES","CFP first",NA,NA
" IRES","CFP first",NA,NA
" IRES","CFP first",NA,NA
" IRES","CFP first",NA,NA
" IRES","CFP first",NA,NA
" IRES","CFP first",NA,NA
" IRES","CFP first",NA,NA
" IRES","CFP first",NA,NA
" IRES","CFP first",NA,NA
" IRES","CFP first",NA,NA
" IRES","CFP first",NA,NA
" IRES","CFP first",NA,NA
" IRES","CFP first",NA,NA
" IRES","CFP first",NA,NA
" IRES","CFP first",NA,NA
" IRES","CFP first",NA,NA
" IRES","CFP first",NA,NA
" IRES","CFP first",NA,NA
" IRES","CFP first",NA,NA
" IRES","CFP first",NA,NA
" IRES","CFP first",NA,NA
" IRES","CFP first",NA,NA
" IRES","CFP first",NA,NA
" IRES","CFP first",NA,NA
" IRES","CFP first",NA,NA
" IRES","CFP first",NA,NA
" IRES","CFP first",NA,NA
" IRES","CFP first",NA,NA
" IRES","CFP first",NA,NA
" IRES","CFP first",NA,NA
" IRES","CFP first",NA,NA
" IRES","CFP first",NA,NA
" IRES","CFP first",NA,NA
" IRES","CFP first",NA,NA
" IRES","CFP first",NA,NA
" IRES","CFP first",NA,NA
" IRES","CFP first",NA,NA
" IRES","CFP first",NA,NA
" IRES","CFP first",NA,NA
" IRES","CFP first",NA,NA
" IRES","CFP first",NA,NA
" IRES","CFP first",NA,NA
" IRES","CFP first",NA,NA
" IRES","CFP first",NA,NA
" IRES","CFP first",NA,NA
" IRES","CFP first",NA,NA
" IRES","CFP first",NA,NA
" IRES","CFP first",NA,NA
" IRES","CFP first",NA,NA
" IRES","CFP first",NA,NA
" IRES","CFP first",NA,NA
" IRES","CFP first",NA,NA
" IRES","CFP first",NA,NA
" IRES","CFP first",NA,NA
" IRES","CFP first",NA,NA
" IRES","CFP first",NA,NA
" IRES","CFP first",NA,NA
